[
{"model":"contenttypes.contenttype", "pk":1, "fields":{"model":"logentry", "name":"log entry", "app_label":"admin"}},
{"model":"contenttypes.contenttype", "pk":2, "fields":{"model":"permission", "name":"permission", "app_label":"auth"}},
{"model":"contenttypes.contenttype", "pk":3, "fields":{"model":"group", "name":"group", "app_label":"auth"}},
{"model":"contenttypes.contenttype", "pk":4, "fields":{"model":"user", "name":"user", "app_label":"auth"}},
{"model":"contenttypes.contenttype", "pk":5, "fields":{"model":"contenttype", "name":"content type", "app_label":"contenttypes"}},
{"model":"contenttypes.contenttype", "pk":6, "fields":{"model":"session", "name":"session", "app_label":"sessions"}},
{"model":"contenttypes.contenttype", "pk":7, "fields":{"model":"organization", "name":"organization", "app_label":"projects"}},
{"model":"contenttypes.contenttype", "pk":8, "fields":{"model":"membership", "name":"membership", "app_label":"projects"}},
{"model":"contenttypes.contenttype", "pk":9, "fields":{"model":"project", "name":"project", "app_label":"projects"}},
{"model":"contenttypes.contenttype", "pk":10, "fields":{"model":"datafile", "name":"data file", "app_label":"projects"}},
{"model":"contenttypes.contenttype", "pk":11, "fields":{"model":"accountverification", "name":"account verification", "app_label":"projects"}},
{"model":"contenttypes.contenttype", "pk":12, "fields":{"model":"datamap", "name":"data map", "app_label":"projects"}},
{"model":"contenttypes.contenttype", "pk":13, "fields":{"model":"sensoringest", "name":"sensor ingest", "app_label":"projects"}},
{"model":"contenttypes.contenttype", "pk":14, "fields":{"model":"sensoringestfile", "name":"sensor ingest file", "app_label":"projects"}},
{"model":"contenttypes.contenttype", "pk":15, "fields":{"model":"sensoringestlog", "name":"sensor ingest log", "app_label":"projects"}},
{"model":"contenttypes.contenttype", "pk":16, "fields":{"model":"sensor", "name":"sensor", "app_label":"projects"}},
{"model":"contenttypes.contenttype", "pk":17, "fields":{"model":"booleansensordata", "name":"boolean sensor data", "app_label":"projects"}},
{"model":"contenttypes.contenttype", "pk":18, "fields":{"model":"floatsensordata", "name":"float sensor data", "app_label":"projects"}},
{"model":"contenttypes.contenttype", "pk":19, "fields":{"model":"integersensordata", "name":"integer sensor data", "app_label":"projects"}},
{"model":"contenttypes.contenttype", "pk":20, "fields":{"model":"stringsensordata", "name":"string sensor data", "app_label":"projects"}},
{"model":"contenttypes.contenttype", "pk":21, "fields":{"model":"analysis", "name":"analysis", "app_label":"projects"}},
{"model":"contenttypes.contenttype", "pk":22, "fields":{"model":"sharedanalysis", "name":"shared analysis", "app_label":"projects"}},
{"model":"contenttypes.contenttype", "pk":23, "fields":{"model":"appoutput", "name":"app output", "app_label":"projects"}},
{"model":"sessions.session", "pk":"2ug9c5ighpkv8rubldniu44zboyp1ktc", "fields":{"expire_date":"2014-10-31T20:46:33.889Z", "session_data":"NTYxMjQ1NDUxMjk2Y2U1ZTc2OGJlNTFjOTQ0ZDQzMWNjM2NlNWM3Nzp7Il9hdXRoX3VzZXJfaWQiOjEsIl9hdXRoX3VzZXJfYmFja2VuZCI6ImRqYW5nby5jb250cmliLmF1dGguYmFja2VuZHMuTW9kZWxCYWNrZW5kIn0="}},
{"model":"sessions.session", "pk":"ailcyiznn55mpbdkff59ks96rxovy790", "fields":{"expire_date":"2014-10-31T20:44:03.904Z", "session_data":"M2JlYWZkYTY1ZjA2Mzc4Yjk3YWZjYThjMzRlN2RmMzQ3OGZmMmUxMjp7fQ=="}},
{"model":"sessions.session", "pk":"drmxj94oqo2tg57wtgp1b9rkpcmbnls3", "fields":{"expire_date":"2014-10-31T20:44:03.646Z", "session_data":"M2JlYWZkYTY1ZjA2Mzc4Yjk3YWZjYThjMzRlN2RmMzQ3OGZmMmUxMjp7fQ=="}},
{"model":"sessions.session", "pk":"e92ojqjz3xo49d1oc8ns4xv9asrphyt4", "fields":{"expire_date":"2014-10-31T20:44:04.328Z", "session_data":"M2JlYWZkYTY1ZjA2Mzc4Yjk3YWZjYThjMzRlN2RmMzQ3OGZmMmUxMjp7fQ=="}},
{"model":"sessions.session", "pk":"lmq9exhr73dqhx8af7gyppnrggaqmfd6", "fields":{"expire_date":"2014-10-31T20:44:03.525Z", "session_data":"M2JlYWZkYTY1ZjA2Mzc4Yjk3YWZjYThjMzRlN2RmMzQ3OGZmMmUxMjp7fQ=="}},
{"model":"sessions.session", "pk":"u3t1f7fdu354tiwrh6866278j31mgw1o", "fields":{"expire_date":"2014-10-31T20:44:04.468Z", "session_data":"M2JlYWZkYTY1ZjA2Mzc4Yjk3YWZjYThjMzRlN2RmMzQ3OGZmMmUxMjp7fQ=="}},
{"model":"sessions.session", "pk":"xujykwsr2ia4je57i4yjyrh9qayyazzs", "fields":{"expire_date":"2014-10-31T20:44:03.269Z", "session_data":"M2JlYWZkYTY1ZjA2Mzc4Yjk3YWZjYThjMzRlN2RmMzQ3OGZmMmUxMjp7fQ=="}},
{"model":"projects.datafile", "pk":1, "fields":{"name":"longitudinal_bm_data.csv", "timestamp":{"columns":[0]}, "project":1, "time_zone":"UTC", "time_offset":0.0, "uploaded":"2014-10-17T20:47:54.906Z", "file":"projects/datafiles/vRnNfR83ma4WuwbXqCEGDcHeWs5ribjB", "comments":""}},
{"model":"projects.datamap", "pk":1, "fields":{"name":"basic", "map":{"version":1, "sensors":{"lbnl/bldg90/WholeBuildingGas":{"column":"onetofive", "unit":"kilobtus_per_hour", "file":"0", "type":"WholeBuildingGas"}, "lbnl/bldg90/WholeBuildingElectricity":{"column":"onetofive", "unit":"kilowatt", "file":"0", "type":"WholeBuildingElectricity"}, "lbnl":{"level":"site"}, "lbnl/bldg90":{"level":"building"}}, "files":{"0":{"timestamp":{"columns":[0]}, "signature":{"headers":["datetime", "onetofive", "floats", "missing", "floatsandmissing"]}}}}, "removed":false, "project":1}},
{"model":"projects.datamap", "pk":2, "fields":{"name":"floats", "map":{"version":1, "sensors":{"lbnl/bldg90/WholeBuildingGas":{"unit":"kilobtus_per_hour", "column":"floats", "type":"WholeBuildingGas", "file":"0"}, "lbnl/bldg90":{"level":"building"}, "lbnl/bldg90/WholeBuildingElectricity":{"unit":"kilowatt", "column":"floats", "type":"WholeBuildingElectricity", "file":"0"}, "lbnl":{"level":"site"}}, "files":{"0":{"timestamp":{"columns":[0]}, "signature":{"headers":["datetime", "onetofive", "floats", "missing", "floatsandmissing"]}}}}, "removed":false, "project":1}},
{"model":"projects.datamap", "pk":3, "fields":{"name":"missing", "map":{"version":1, "sensors":{"lbnl/bldg90/WholeBuildingGas":{"unit":"kilobtus_per_hour", "column":"missing", "type":"WholeBuildingGas", "file":"0"}, "lbnl/bldg90":{"level":"building"}, "lbnl/bldg90/WholeBuildingElectricity":{"unit":"kilowatt", "column":"missing", "type":"WholeBuildingElectricity", "file":"0"}, "lbnl":{"level":"site"}}, "files":{"0":{"timestamp":{"columns":[0]}, "signature":{"headers":["datetime", "onetofive", "floats", "missing", "floatsandmissing"]}}}}, "removed":false, "project":1}},
{"model":"projects.datamap", "pk":4, "fields":{"name":"floatsandmissing", "map":{"version":1, "sensors":{"lbnl/bldg90/WholeBuildingGas":{"unit":"kilobtus_per_hour", "column":"floatsandmissing", "type":"WholeBuildingGas", "file":"0"}, "lbnl/bldg90":{"level":"building"}, "lbnl/bldg90/WholeBuildingElectricity":{"unit":"kilowatt", "column":"floatsandmissing", "type":"WholeBuildingElectricity", "file":"0"}, "lbnl":{"level":"site"}}, "files":{"0":{"timestamp":{"columns":[0]}, "signature":{"headers":["datetime", "onetofive", "floats", "missing", "floatsandmissing"]}}}}, "removed":false, "project":1}},
{"model":"projects.sensoringest", "pk":1, "fields":{"name":"basic - 10/17/14 1:50 PM", "map":1, "end":"2014-10-17T20:50:18.036Z", "start":"2014-10-17T20:50:17.097Z", "project":1}},
{"model":"projects.sensoringest", "pk":2, "fields":{"name":"floats - 10/17/14 1:55 PM", "map":2, "end":"2014-10-17T20:55:29.751Z", "start":"2014-10-17T20:55:28.648Z", "project":1}},
{"model":"projects.sensoringest", "pk":3, "fields":{"name":"missing - 10/17/14 1:57 PM", "map":3, "end":"2014-10-17T20:57:35.240Z", "start":"2014-10-17T20:57:34.341Z", "project":1}},
{"model":"projects.sensoringest", "pk":4, "fields":{"name":"floatsandmissing - 10/17/14 1:59 PM", "map":4, "end":"2014-10-17T20:59:46.295Z", "start":"2014-10-17T20:59:45.377Z", "project":1}},
{"model":"projects.sensoringestfile", "pk":1, "fields":{"name":"0", "ingest":1, "file":1}},
{"model":"projects.sensoringestfile", "pk":2, "fields":{"name":"0", "ingest":2, "file":1}},
{"model":"projects.sensoringestfile", "pk":3, "fields":{"name":"0", "ingest":3, "file":1}},
{"model":"projects.sensoringestfile", "pk":4, "fields":{"name":"0", "ingest":4, "file":1}},
{"model":"projects.sensor", "pk":1, "fields":{"name":"lbnl/bldg90/WholeBuildingElectricity", "data_type":"f", "map":1}},
{"model":"projects.sensor", "pk":2, "fields":{"name":"lbnl/bldg90/WholeBuildingGas", "data_type":"f", "map":1}},
{"model":"projects.sensor", "pk":3, "fields":{"name":"lbnl/bldg90/WholeBuildingElectricity", "data_type":"f", "map":2}},
{"model":"projects.sensor", "pk":4, "fields":{"name":"lbnl/bldg90/WholeBuildingGas", "data_type":"f", "map":2}},
{"model":"projects.sensor", "pk":5, "fields":{"name":"lbnl/bldg90/WholeBuildingElectricity", "data_type":"f", "map":3}},
{"model":"projects.sensor", "pk":6, "fields":{"name":"lbnl/bldg90/WholeBuildingGas", "data_type":"f", "map":3}},
{"model":"projects.sensor", "pk":7, "fields":{"name":"lbnl/bldg90/WholeBuildingElectricity", "data_type":"f", "map":4}},
{"model":"projects.sensor", "pk":8, "fields":{"name":"lbnl/bldg90/WholeBuildingGas", "data_type":"f", "map":4}},
{"model":"projects.floatsensordata", "pk":1, "fields":{"time":"2013-06-01T00:00:00Z", "value":1.0, "ingest":1, "sensor":1}},
{"model":"projects.floatsensordata", "pk":2, "fields":{"time":"2013-06-01T00:00:00Z", "value":1.0, "ingest":1, "sensor":2}},
{"model":"projects.floatsensordata", "pk":3, "fields":{"time":"2013-06-01T01:00:00Z", "value":2.0, "ingest":1, "sensor":1}},
{"model":"projects.floatsensordata", "pk":4, "fields":{"time":"2013-06-01T01:00:00Z", "value":2.0, "ingest":1, "sensor":2}},
{"model":"projects.floatsensordata", "pk":5, "fields":{"time":"2013-06-01T02:00:00Z", "value":3.0, "ingest":1, "sensor":1}},
{"model":"projects.floatsensordata", "pk":6, "fields":{"time":"2013-06-01T02:00:00Z", "value":3.0, "ingest":1, "sensor":2}},
{"model":"projects.floatsensordata", "pk":7, "fields":{"time":"2013-06-01T03:00:00Z", "value":4.0, "ingest":1, "sensor":1}},
{"model":"projects.floatsensordata", "pk":8, "fields":{"time":"2013-06-01T03:00:00Z", "value":4.0, "ingest":1, "sensor":2}},
{"model":"projects.floatsensordata", "pk":9, "fields":{"time":"2013-06-01T04:00:00Z", "value":5.0, "ingest":1, "sensor":1}},
{"model":"projects.floatsensordata", "pk":10, "fields":{"time":"2013-06-01T04:00:00Z", "value":5.0, "ingest":1, "sensor":2}},
{"model":"projects.floatsensordata", "pk":11, "fields":{"time":"2014-06-01T00:00:00Z", "value":1.0, "ingest":1, "sensor":1}},
{"model":"projects.floatsensordata", "pk":12, "fields":{"time":"2014-06-01T00:00:00Z", "value":1.0, "ingest":1, "sensor":2}},
{"model":"projects.floatsensordata", "pk":13, "fields":{"time":"2014-06-01T01:00:00Z", "value":2.0, "ingest":1, "sensor":1}},
{"model":"projects.floatsensordata", "pk":14, "fields":{"time":"2014-06-01T01:00:00Z", "value":2.0, "ingest":1, "sensor":2}},
{"model":"projects.floatsensordata", "pk":15, "fields":{"time":"2014-06-01T02:00:00Z", "value":3.0, "ingest":1, "sensor":1}},
{"model":"projects.floatsensordata", "pk":16, "fields":{"time":"2014-06-01T02:00:00Z", "value":3.0, "ingest":1, "sensor":2}},
{"model":"projects.floatsensordata", "pk":17, "fields":{"time":"2014-06-01T03:00:00Z", "value":4.0, "ingest":1, "sensor":1}},
{"model":"projects.floatsensordata", "pk":18, "fields":{"time":"2014-06-01T03:00:00Z", "value":4.0, "ingest":1, "sensor":2}},
{"model":"projects.floatsensordata", "pk":19, "fields":{"time":"2014-06-01T04:00:00Z", "value":5.0, "ingest":1, "sensor":1}},
{"model":"projects.floatsensordata", "pk":20, "fields":{"time":"2014-06-01T04:00:00Z", "value":5.0, "ingest":1, "sensor":2}},
{"model":"projects.floatsensordata", "pk":21, "fields":{"time":"2013-06-01T00:00:00Z", "value":1.1, "ingest":2, "sensor":3}},
{"model":"projects.floatsensordata", "pk":22, "fields":{"time":"2013-06-01T00:00:00Z", "value":1.1, "ingest":2, "sensor":4}},
{"model":"projects.floatsensordata", "pk":23, "fields":{"time":"2013-06-01T01:00:00Z", "value":2.0, "ingest":2, "sensor":3}},
{"model":"projects.floatsensordata", "pk":24, "fields":{"time":"2013-06-01T01:00:00Z", "value":2.0, "ingest":2, "sensor":4}},
{"model":"projects.floatsensordata", "pk":25, "fields":{"time":"2013-06-01T02:00:00Z", "value":1.0, "ingest":2, "sensor":3}},
{"model":"projects.floatsensordata", "pk":26, "fields":{"time":"2013-06-01T02:00:00Z", "value":1.0, "ingest":2, "sensor":4}},
{"model":"projects.floatsensordata", "pk":27, "fields":{"time":"2013-06-01T03:00:00Z", "value":4.0, "ingest":2, "sensor":3}},
{"model":"projects.floatsensordata", "pk":28, "fields":{"time":"2013-06-01T03:00:00Z", "value":4.0, "ingest":2, "sensor":4}},
{"model":"projects.floatsensordata", "pk":29, "fields":{"time":"2013-06-01T04:00:00Z", "value":5.0, "ingest":2, "sensor":3}},
{"model":"projects.floatsensordata", "pk":30, "fields":{"time":"2013-06-01T04:00:00Z", "value":5.0, "ingest":2, "sensor":4}},
{"model":"projects.floatsensordata", "pk":31, "fields":{"time":"2014-06-01T00:00:00Z", "value":1.1, "ingest":2, "sensor":3}},
{"model":"projects.floatsensordata", "pk":32, "fields":{"time":"2014-06-01T00:00:00Z", "value":1.1, "ingest":2, "sensor":4}},
{"model":"projects.floatsensordata", "pk":33, "fields":{"time":"2014-06-01T01:00:00Z", "value":2.0, "ingest":2, "sensor":3}},
{"model":"projects.floatsensordata", "pk":34, "fields":{"time":"2014-06-01T01:00:00Z", "value":2.0, "ingest":2, "sensor":4}},
{"model":"projects.floatsensordata", "pk":35, "fields":{"time":"2014-06-01T02:00:00Z", "value":1.0, "ingest":2, "sensor":3}},
{"model":"projects.floatsensordata", "pk":36, "fields":{"time":"2014-06-01T02:00:00Z", "value":1.0, "ingest":2, "sensor":4}},
{"model":"projects.floatsensordata", "pk":37, "fields":{"time":"2014-06-01T03:00:00Z", "value":4.0, "ingest":2, "sensor":3}},
{"model":"projects.floatsensordata", "pk":38, "fields":{"time":"2014-06-01T03:00:00Z", "value":4.0, "ingest":2, "sensor":4}},
{"model":"projects.floatsensordata", "pk":39, "fields":{"time":"2014-06-01T04:00:00Z", "value":5.0, "ingest":2, "sensor":3}},
{"model":"projects.floatsensordata", "pk":40, "fields":{"time":"2014-06-01T04:00:00Z", "value":5.0, "ingest":2, "sensor":4}},
{"model":"projects.floatsensordata", "pk":41, "fields":{"time":"2013-06-01T00:00:00Z", "value":1.0, "ingest":3, "sensor":5}},
{"model":"projects.floatsensordata", "pk":42, "fields":{"time":"2013-06-01T00:00:00Z", "value":1.0, "ingest":3, "sensor":6}},
{"model":"projects.floatsensordata", "pk":43, "fields":{"time":"2013-06-01T01:00:00Z", "value":null, "ingest":3, "sensor":5}},
{"model":"projects.floatsensordata", "pk":44, "fields":{"time":"2013-06-01T01:00:00Z", "value":null, "ingest":3, "sensor":6}},
{"model":"projects.floatsensordata", "pk":45, "fields":{"time":"2013-06-01T02:00:00Z", "value":null, "ingest":3, "sensor":5}},
{"model":"projects.floatsensordata", "pk":46, "fields":{"time":"2013-06-01T02:00:00Z", "value":null, "ingest":3, "sensor":6}},
{"model":"projects.floatsensordata", "pk":47, "fields":{"time":"2013-06-01T03:00:00Z", "value":4.0, "ingest":3, "sensor":5}},
{"model":"projects.floatsensordata", "pk":48, "fields":{"time":"2013-06-01T03:00:00Z", "value":4.0, "ingest":3, "sensor":6}},
{"model":"projects.floatsensordata", "pk":49, "fields":{"time":"2013-06-01T04:00:00Z", "value":5.0, "ingest":3, "sensor":5}},
{"model":"projects.floatsensordata", "pk":50, "fields":{"time":"2013-06-01T04:00:00Z", "value":5.0, "ingest":3, "sensor":6}},
{"model":"projects.floatsensordata", "pk":51, "fields":{"time":"2014-06-01T00:00:00Z", "value":1.0, "ingest":3, "sensor":5}},
{"model":"projects.floatsensordata", "pk":52, "fields":{"time":"2014-06-01T00:00:00Z", "value":1.0, "ingest":3, "sensor":6}},
{"model":"projects.floatsensordata", "pk":53, "fields":{"time":"2014-06-01T01:00:00Z", "value":null, "ingest":3, "sensor":5}},
{"model":"projects.floatsensordata", "pk":54, "fields":{"time":"2014-06-01T01:00:00Z", "value":null, "ingest":3, "sensor":6}},
{"model":"projects.floatsensordata", "pk":55, "fields":{"time":"2014-06-01T02:00:00Z", "value":null, "ingest":3, "sensor":5}},
{"model":"projects.floatsensordata", "pk":56, "fields":{"time":"2014-06-01T02:00:00Z", "value":null, "ingest":3, "sensor":6}},
{"model":"projects.floatsensordata", "pk":57, "fields":{"time":"2014-06-01T03:00:00Z", "value":4.0, "ingest":3, "sensor":5}},
{"model":"projects.floatsensordata", "pk":58, "fields":{"time":"2014-06-01T03:00:00Z", "value":4.0, "ingest":3, "sensor":6}},
{"model":"projects.floatsensordata", "pk":59, "fields":{"time":"2014-06-01T04:00:00Z", "value":5.0, "ingest":3, "sensor":5}},
{"model":"projects.floatsensordata", "pk":60, "fields":{"time":"2014-06-01T04:00:00Z", "value":5.0, "ingest":3, "sensor":6}},
{"model":"projects.floatsensordata", "pk":61, "fields":{"time":"2013-06-01T00:00:00Z", "value":6.6, "ingest":4, "sensor":7}},
{"model":"projects.floatsensordata", "pk":62, "fields":{"time":"2013-06-01T00:00:00Z", "value":6.6, "ingest":4, "sensor":8}},
{"model":"projects.floatsensordata", "pk":63, "fields":{"time":"2013-06-01T01:00:00Z", "value":1.1, "ingest":4, "sensor":7}},
{"model":"projects.floatsensordata", "pk":64, "fields":{"time":"2013-06-01T01:00:00Z", "value":1.1, "ingest":4, "sensor":8}},
{"model":"projects.floatsensordata", "pk":65, "fields":{"time":"2013-06-01T02:00:00Z", "value":3.3, "ingest":4, "sensor":7}},
{"model":"projects.floatsensordata", "pk":66, "fields":{"time":"2013-06-01T02:00:00Z", "value":3.3, "ingest":4, "sensor":8}},
{"model":"projects.floatsensordata", "pk":67, "fields":{"time":"2013-06-01T03:00:00Z", "value":null, "ingest":4, "sensor":7}},
{"model":"projects.floatsensordata", "pk":68, "fields":{"time":"2013-06-01T03:00:00Z", "value":null, "ingest":4, "sensor":8}},
{"model":"projects.floatsensordata", "pk":69, "fields":{"time":"2013-06-01T04:00:00Z", "value":1.1, "ingest":4, "sensor":7}},
{"model":"projects.floatsensordata", "pk":70, "fields":{"time":"2013-06-01T04:00:00Z", "value":1.1, "ingest":4, "sensor":8}},
{"model":"projects.floatsensordata", "pk":71, "fields":{"time":"2014-06-01T00:00:00Z", "value":6.6, "ingest":4, "sensor":7}},
{"model":"projects.floatsensordata", "pk":72, "fields":{"time":"2014-06-01T00:00:00Z", "value":6.6, "ingest":4, "sensor":8}},
{"model":"projects.floatsensordata", "pk":73, "fields":{"time":"2014-06-01T01:00:00Z", "value":1.1, "ingest":4, "sensor":7}},
{"model":"projects.floatsensordata", "pk":74, "fields":{"time":"2014-06-01T01:00:00Z", "value":1.1, "ingest":4, "sensor":8}},
{"model":"projects.floatsensordata", "pk":75, "fields":{"time":"2014-06-01T02:00:00Z", "value":3.3, "ingest":4, "sensor":7}},
{"model":"projects.floatsensordata", "pk":76, "fields":{"time":"2014-06-01T02:00:00Z", "value":3.3, "ingest":4, "sensor":8}},
{"model":"projects.floatsensordata", "pk":77, "fields":{"time":"2014-06-01T03:00:00Z", "value":null, "ingest":4, "sensor":7}},
{"model":"projects.floatsensordata", "pk":78, "fields":{"time":"2014-06-01T03:00:00Z", "value":null, "ingest":4, "sensor":8}},
{"model":"projects.floatsensordata", "pk":79, "fields":{"time":"2014-06-01T04:00:00Z", "value":1.1, "ingest":4, "sensor":7}},
{"model":"projects.floatsensordata", "pk":80, "fields":{"time":"2014-06-01T04:00:00Z", "value":1.1, "ingest":4, "sensor":8}},
{"model":"auth.permission", "pk":1, "fields":{"codename":"add_logentry", "name":"Can add log entry", "content_type":1}},
{"model":"auth.permission", "pk":2, "fields":{"codename":"change_logentry", "name":"Can change log entry", "content_type":1}},
{"model":"auth.permission", "pk":3, "fields":{"codename":"delete_logentry", "name":"Can delete log entry", "content_type":1}},
{"model":"auth.permission", "pk":4, "fields":{"codename":"add_permission", "name":"Can add permission", "content_type":2}},
{"model":"auth.permission", "pk":5, "fields":{"codename":"change_permission", "name":"Can change permission", "content_type":2}},
{"model":"auth.permission", "pk":6, "fields":{"codename":"delete_permission", "name":"Can delete permission", "content_type":2}},
{"model":"auth.permission", "pk":7, "fields":{"codename":"add_group", "name":"Can add group", "content_type":3}},
{"model":"auth.permission", "pk":8, "fields":{"codename":"change_group", "name":"Can change group", "content_type":3}},
{"model":"auth.permission", "pk":9, "fields":{"codename":"delete_group", "name":"Can delete group", "content_type":3}},
{"model":"auth.permission", "pk":10, "fields":{"codename":"add_user", "name":"Can add user", "content_type":4}},
{"model":"auth.permission", "pk":11, "fields":{"codename":"change_user", "name":"Can change user", "content_type":4}},
{"model":"auth.permission", "pk":12, "fields":{"codename":"delete_user", "name":"Can delete user", "content_type":4}},
{"model":"auth.permission", "pk":13, "fields":{"codename":"add_contenttype", "name":"Can add content type", "content_type":5}},
{"model":"auth.permission", "pk":14, "fields":{"codename":"change_contenttype", "name":"Can change content type", "content_type":5}},
{"model":"auth.permission", "pk":15, "fields":{"codename":"delete_contenttype", "name":"Can delete content type", "content_type":5}},
{"model":"auth.permission", "pk":16, "fields":{"codename":"add_session", "name":"Can add session", "content_type":6}},
{"model":"auth.permission", "pk":17, "fields":{"codename":"change_session", "name":"Can change session", "content_type":6}},
{"model":"auth.permission", "pk":18, "fields":{"codename":"delete_session", "name":"Can delete session", "content_type":6}},
{"model":"auth.permission", "pk":19, "fields":{"codename":"add_organization", "name":"Can add organization", "content_type":7}},
{"model":"auth.permission", "pk":20, "fields":{"codename":"change_organization", "name":"Can change organization", "content_type":7}},
{"model":"auth.permission", "pk":21, "fields":{"codename":"delete_organization", "name":"Can delete organization", "content_type":7}},
{"model":"auth.permission", "pk":22, "fields":{"codename":"add_membership", "name":"Can add membership", "content_type":8}},
{"model":"auth.permission", "pk":23, "fields":{"codename":"change_membership", "name":"Can change membership", "content_type":8}},
{"model":"auth.permission", "pk":24, "fields":{"codename":"delete_membership", "name":"Can delete membership", "content_type":8}},
{"model":"auth.permission", "pk":25, "fields":{"codename":"add_project", "name":"Can add project", "content_type":9}},
{"model":"auth.permission", "pk":26, "fields":{"codename":"change_project", "name":"Can change project", "content_type":9}},
{"model":"auth.permission", "pk":27, "fields":{"codename":"delete_project", "name":"Can delete project", "content_type":9}},
{"model":"auth.permission", "pk":28, "fields":{"codename":"add_datafile", "name":"Can add data file", "content_type":10}},
{"model":"auth.permission", "pk":29, "fields":{"codename":"change_datafile", "name":"Can change data file", "content_type":10}},
{"model":"auth.permission", "pk":30, "fields":{"codename":"delete_datafile", "name":"Can delete data file", "content_type":10}},
{"model":"auth.permission", "pk":31, "fields":{"codename":"add_accountverification", "name":"Can add account verification", "content_type":11}},
{"model":"auth.permission", "pk":32, "fields":{"codename":"change_accountverification", "name":"Can change account verification", "content_type":11}},
{"model":"auth.permission", "pk":33, "fields":{"codename":"delete_accountverification", "name":"Can delete account verification", "content_type":11}},
{"model":"auth.permission", "pk":34, "fields":{"codename":"add_datamap", "name":"Can add data map", "content_type":12}},
{"model":"auth.permission", "pk":35, "fields":{"codename":"change_datamap", "name":"Can change data map", "content_type":12}},
{"model":"auth.permission", "pk":36, "fields":{"codename":"delete_datamap", "name":"Can delete data map", "content_type":12}},
{"model":"auth.permission", "pk":37, "fields":{"codename":"add_sensoringest", "name":"Can add sensor ingest", "content_type":13}},
{"model":"auth.permission", "pk":38, "fields":{"codename":"change_sensoringest", "name":"Can change sensor ingest", "content_type":13}},
{"model":"auth.permission", "pk":39, "fields":{"codename":"delete_sensoringest", "name":"Can delete sensor ingest", "content_type":13}},
{"model":"auth.permission", "pk":40, "fields":{"codename":"add_sensoringestfile", "name":"Can add sensor ingest file", "content_type":14}},
{"model":"auth.permission", "pk":41, "fields":{"codename":"change_sensoringestfile", "name":"Can change sensor ingest file", "content_type":14}},
{"model":"auth.permission", "pk":42, "fields":{"codename":"delete_sensoringestfile", "name":"Can delete sensor ingest file", "content_type":14}},
{"model":"auth.permission", "pk":43, "fields":{"codename":"add_sensoringestlog", "name":"Can add sensor ingest log", "content_type":15}},
{"model":"auth.permission", "pk":44, "fields":{"codename":"change_sensoringestlog", "name":"Can change sensor ingest log", "content_type":15}},
{"model":"auth.permission", "pk":45, "fields":{"codename":"delete_sensoringestlog", "name":"Can delete sensor ingest log", "content_type":15}},
{"model":"auth.permission", "pk":46, "fields":{"codename":"add_sensor", "name":"Can add sensor", "content_type":16}},
{"model":"auth.permission", "pk":47, "fields":{"codename":"change_sensor", "name":"Can change sensor", "content_type":16}},
{"model":"auth.permission", "pk":48, "fields":{"codename":"delete_sensor", "name":"Can delete sensor", "content_type":16}},
{"model":"auth.permission", "pk":49, "fields":{"codename":"add_booleansensordata", "name":"Can add boolean sensor data", "content_type":17}},
{"model":"auth.permission", "pk":50, "fields":{"codename":"change_booleansensordata", "name":"Can change boolean sensor data", "content_type":17}},
{"model":"auth.permission", "pk":51, "fields":{"codename":"delete_booleansensordata", "name":"Can delete boolean sensor data", "content_type":17}},
{"model":"auth.permission", "pk":52, "fields":{"codename":"add_floatsensordata", "name":"Can add float sensor data", "content_type":18}},
{"model":"auth.permission", "pk":53, "fields":{"codename":"change_floatsensordata", "name":"Can change float sensor data", "content_type":18}},
{"model":"auth.permission", "pk":54, "fields":{"codename":"delete_floatsensordata", "name":"Can delete float sensor data", "content_type":18}},
{"model":"auth.permission", "pk":55, "fields":{"codename":"add_integersensordata", "name":"Can add integer sensor data", "content_type":19}},
{"model":"auth.permission", "pk":56, "fields":{"codename":"change_integersensordata", "name":"Can change integer sensor data", "content_type":19}},
{"model":"auth.permission", "pk":57, "fields":{"codename":"delete_integersensordata", "name":"Can delete integer sensor data", "content_type":19}},
{"model":"auth.permission", "pk":58, "fields":{"codename":"add_stringsensordata", "name":"Can add string sensor data", "content_type":20}},
{"model":"auth.permission", "pk":59, "fields":{"codename":"change_stringsensordata", "name":"Can change string sensor data", "content_type":20}},
{"model":"auth.permission", "pk":60, "fields":{"codename":"delete_stringsensordata", "name":"Can delete string sensor data", "content_type":20}},
{"model":"auth.permission", "pk":61, "fields":{"codename":"add_analysis", "name":"Can add analysis", "content_type":21}},
{"model":"auth.permission", "pk":62, "fields":{"codename":"change_analysis", "name":"Can change analysis", "content_type":21}},
{"model":"auth.permission", "pk":63, "fields":{"codename":"delete_analysis", "name":"Can delete analysis", "content_type":21}},
{"model":"auth.permission", "pk":64, "fields":{"codename":"add_sharedanalysis", "name":"Can add shared analysis", "content_type":22}},
{"model":"auth.permission", "pk":65, "fields":{"codename":"change_sharedanalysis", "name":"Can change shared analysis", "content_type":22}},
{"model":"auth.permission", "pk":66, "fields":{"codename":"delete_sharedanalysis", "name":"Can delete shared analysis", "content_type":22}},
{"model":"auth.permission", "pk":67, "fields":{"codename":"add_appoutput", "name":"Can add app output", "content_type":23}},
{"model":"auth.permission", "pk":68, "fields":{"codename":"change_appoutput", "name":"Can change app output", "content_type":23}},
{"model":"auth.permission", "pk":69, "fields":{"codename":"delete_appoutput", "name":"Can delete app output", "content_type":23}},
{"model":"auth.user", "pk":1, "fields":{"is_superuser":true, "user_permissions":[], "groups":[], "date_joined":"2014-10-17T20:45:00.235Z", "username":"lbnl_unit_test", "last_name":"", "is_active":true, "email":"", "password":"pbkdf2_sha256$12000$AQBCuUaxM9hy$Hr+3zwzc2JZiP5mGL4Ld+HvRd1PoS+8m7Cd/FTtgwLA=", "first_name":"", "last_login":"2014-10-17T20:46:33.797Z", "is_staff":true}},
{"model":"projects.project", "pk":1, "fields":{"name":"longitudinal_bm", "owner":1}}
]