[{"model": "contenttypes.contenttype", "fields": {"model": "logentry", "name": "log entry", "app_label": "admin"}, "pk": 1}, {"model": "contenttypes.contenttype", "fields": {"model": "permission", "name": "permission", "app_label": "auth"}, "pk": 2}, {"model": "contenttypes.contenttype", "fields": {"model": "group", "name": "group", "app_label": "auth"}, "pk": 3}, {"model": "contenttypes.contenttype", "fields": {"model": "user", "name": "user", "app_label": "auth"}, "pk": 4}, {"model": "contenttypes.contenttype", "fields": {"model": "contenttype", "name": "content type", "app_label": "contenttypes"}, "pk": 5}, {"model": "contenttypes.contenttype", "fields": {"model": "session", "name": "session", "app_label": "sessions"}, "pk": 6}, {"model": "contenttypes.contenttype", "fields": {"model": "organization", "name": "organization", "app_label": "projects"}, "pk": 7}, {"model": "contenttypes.contenttype", "fields": {"model": "membership", "name": "membership", "app_label": "projects"}, "pk": 8}, {"model": "contenttypes.contenttype", "fields": {"model": "project", "name": "project", "app_label": "projects"}, "pk": 9}, {"model": "contenttypes.contenttype", "fields": {"model": "datafile", "name": "data file", "app_label": "projects"}, "pk": 10}, {"model": "contenttypes.contenttype", "fields": {"model": "accountverification", "name": "account verification", "app_label": "projects"}, "pk": 11}, {"model": "contenttypes.contenttype", "fields": {"model": "sensormapdefinition", "name": "sensor map definition", "app_label": "projects"}, "pk": 12}, {"model": "contenttypes.contenttype", "fields": {"model": "sensoringest", "name": "sensor ingest", "app_label": "projects"}, "pk": 13}, {"model": "contenttypes.contenttype", "fields": {"model": "sensoringestfile", "name": "sensor ingest file", "app_label": "projects"}, "pk": 14}, {"model": "contenttypes.contenttype", "fields": {"model": "sensoringestlog", "name": "sensor ingest log", "app_label": "projects"}, "pk": 15}, {"model": "contenttypes.contenttype", "fields": {"model": "sensor", "name": "sensor", "app_label": "projects"}, "pk": 16}, {"model": "contenttypes.contenttype", "fields": {"model": "booleansensordata", "name": "boolean sensor data", "app_label": "projects"}, "pk": 17}, {"model": "contenttypes.contenttype", "fields": {"model": "floatsensordata", "name": "float sensor data", "app_label": "projects"}, "pk": 18}, {"model": "contenttypes.contenttype", "fields": {"model": "integersensordata", "name": "integer sensor data", "app_label": "projects"}, "pk": 19}, {"model": "contenttypes.contenttype", "fields": {"model": "stringsensordata", "name": "string sensor data", "app_label": "projects"}, "pk": 20}, {"model": "sessions.session", "fields": {"session_data": "M2JlYWZkYTY1ZjA2Mzc4Yjk3YWZjYThjMzRlN2RmMzQ3OGZmMmUxMjp7fQ==", "expire_date": "2014-07-15T00:11:37.859Z"}, "pk": "5efp2vox9dgwalscan0d1f6z3pr2br7s"}, {"model": "sessions.session", "fields": {"session_data": "M2JlYWZkYTY1ZjA2Mzc4Yjk3YWZjYThjMzRlN2RmMzQ3OGZmMmUxMjp7fQ==", "expire_date": "2014-07-15T00:11:37.840Z"}, "pk": "e51a659ws74sl822pbsqmt89u3x1gdp9"}, {"model": "sessions.session", "fields": {"session_data": "M2JlYWZkYTY1ZjA2Mzc4Yjk3YWZjYThjMzRlN2RmMzQ3OGZmMmUxMjp7fQ==", "expire_date": "2014-07-15T00:11:37.818Z"}, "pk": "f86dv25eolvdi0ne122kh82rs186b6jw"}, {"model": "sessions.session", "fields": {"session_data": "M2JlYWZkYTY1ZjA2Mzc4Yjk3YWZjYThjMzRlN2RmMzQ3OGZmMmUxMjp7fQ==", "expire_date": "2014-07-15T00:11:37.834Z"}, "pk": "w7ixwuhpdze8c39sxbsvki58kthggwb0"}, {"model": "sessions.session", "fields": {"session_data": "NTYxMjQ1NDUxMjk2Y2U1ZTc2OGJlNTFjOTQ0ZDQzMWNjM2NlNWM3Nzp7Il9hdXRoX3VzZXJfaWQiOjEsIl9hdXRoX3VzZXJfYmFja2VuZCI6ImRqYW5nby5jb250cmliLmF1dGguYmFja2VuZHMuTW9kZWxCYWNrZW5kIn0=", "expire_date": "2014-07-15T00:11:49.092Z"}, "pk": "zgkysp5af3ogt1diixuhtll982mj8plw"}, {"model": "projects.datafile", "fields": {"project": 1, "comments": "", "uploaded": "2014-07-01T00:12:04.726Z", "file": "projects/1/utest_longitudinal_bm_data_2.csv", "timestamp": {"columns": [0]}}, "pk": 1}, {"model": "projects.sensormapdefinition", "fields": {"project": 1, "name": "basic", "map": {"files": {"0": {"signature": {"headers": ["datetime", "onetofive", "floats", "missing", "floatsandmissing"]}, "timestamp": {"columns": [0]}}}, "sensors": {"lbnl": {"level": "site"}, "lbnl/bldg90": {"level": "building"}, "lbnl/bldg90/WholeBuildingElectricity": {"unit": "kilowatt", "column": "onetofive", "file": "0", "type": "WholeBuildingElectricity"}, "lbnl/bldg90/WholeBuildingGas": {"unit": "kilowatt", "column": "onetofive", "file": "0", "type": "WholeBuildingGas"}}, "version": 1}}, "pk": 1}, {"model": "projects.sensormapdefinition", "fields": {"project": 1, "name": "floats", "map": {"files": {"0": {"signature": {"headers": ["datetime", "onetofive", "floats", "missing", "floatsandmissing"]}, "timestamp": {"columns": [0]}}}, "sensors": {"lbnl": {"level": "site"}, "lbnl/bldg90": {"level": "building"}, "lbnl/bldg90/WholeBuildingElectricity": {"unit": "kilowatt", "column": "floats", "file": "0", "type": "WholeBuildingElectricity"}, "lbnl/bldg90/WholeBuildingGas": {"unit": "kilowatt", "column": "floats", "file": "0", "type": "WholeBuildingGas"}}, "version": 1}}, "pk": 2}, {"model": "projects.sensormapdefinition", "fields": {"project": 1, "name": "missing", "map": {"files": {"0": {"signature": {"headers": ["datetime", "onetofive", "floats", "missing", "floatsandmissing"]}, "timestamp": {"columns": [0]}}}, "sensors": {"lbnl": {"level": "site"}, "lbnl/bldg90": {"level": "building"}, "lbnl/bldg90/WholeBuildingElectricity": {"unit": "kilowatt", "column": "missing", "file": "0", "type": "WholeBuildingElectricity"}, "lbnl/bldg90/WholeBuildingGas": {"unit": "kilowatt", "column": "missing", "file": "0", "type": "WholeBuildingGas"}}, "version": 1}}, "pk": 3}, {"model": "projects.sensormapdefinition", "fields": {"project": 1, "name": "floatsandmissing", "map": {"files": {"0": {"signature": {"headers": ["datetime", "onetofive", "floats", "missing", "floatsandmissing"]}, "timestamp": {"columns": [0]}}}, "sensors": {"lbnl": {"level": "site"}, "lbnl/bldg90": {"level": "building"}, "lbnl/bldg90/WholeBuildingElectricity": {"unit": "kilowatt", "column": "floatsandmissing", "file": "0", "type": "WholeBuildingElectricity"}, "lbnl/bldg90/WholeBuildingGas": {"unit": "kilowatt", "column": "floatsandmissing", "file": "0", "type": "WholeBuildingGas"}}, "version": 1}}, "pk": 4}, {"model": "projects.sensoringest", "fields": {"start": "2014-07-01T00:14:43.127Z", "end": "2014-07-01T00:14:43.286Z", "map": 1}, "pk": 1}, {"model": "projects.sensoringest", "fields": {"start": "2014-07-01T00:14:49.044Z", "end": "2014-07-01T00:14:49.127Z", "map": 2}, "pk": 2}, {"model": "projects.sensoringest", "fields": {"start": "2014-07-01T00:14:56.255Z", "end": "2014-07-01T00:14:56.318Z", "map": 3}, "pk": 3}, {"model": "projects.sensoringest", "fields": {"start": "2014-07-01T00:15:02.298Z", "end": "2014-07-01T00:15:02.462Z", "map": 4}, "pk": 4}, {"model": "projects.sensoringestfile", "fields": {"file": 1, "name": "0", "ingest": 1}, "pk": 1}, {"model": "projects.sensoringestfile", "fields": {"file": 1, "name": "0", "ingest": 2}, "pk": 2}, {"model": "projects.sensoringestfile", "fields": {"file": 1, "name": "0", "ingest": 3}, "pk": 3}, {"model": "projects.sensoringestfile", "fields": {"file": 1, "name": "0", "ingest": 4}, "pk": 4}, {"model": "projects.sensor", "fields": {"data_type": "f", "name": "lbnl/bldg90/WholeBuildingElectricity", "map": 1}, "pk": 1}, {"model": "projects.sensor", "fields": {"data_type": "f", "name": "lbnl/bldg90/WholeBuildingGas", "map": 1}, "pk": 2}, {"model": "projects.sensor", "fields": {"data_type": "f", "name": "lbnl/bldg90/WholeBuildingElectricity", "map": 2}, "pk": 3}, {"model": "projects.sensor", "fields": {"data_type": "f", "name": "lbnl/bldg90/WholeBuildingGas", "map": 2}, "pk": 4}, {"model": "projects.sensor", "fields": {"data_type": "f", "name": "lbnl/bldg90/WholeBuildingElectricity", "map": 3}, "pk": 5}, {"model": "projects.sensor", "fields": {"data_type": "f", "name": "lbnl/bldg90/WholeBuildingGas", "map": 3}, "pk": 6}, {"model": "projects.sensor", "fields": {"data_type": "f", "name": "lbnl/bldg90/WholeBuildingElectricity", "map": 4}, "pk": 7}, {"model": "projects.sensor", "fields": {"data_type": "f", "name": "lbnl/bldg90/WholeBuildingGas", "map": 4}, "pk": 8}, {"model": "projects.floatsensordata", "fields": {"value": 1.0, "ingest": 1, "time": "2013-06-01T00:00:00Z", "sensor": 1}, "pk": 1}, {"model": "projects.floatsensordata", "fields": {"value": 1.0, "ingest": 1, "time": "2013-06-01T00:00:00Z", "sensor": 2}, "pk": 2}, {"model": "projects.floatsensordata", "fields": {"value": 2.0, "ingest": 1, "time": "2013-06-01T01:00:00Z", "sensor": 1}, "pk": 3}, {"model": "projects.floatsensordata", "fields": {"value": 2.0, "ingest": 1, "time": "2013-06-01T01:00:00Z", "sensor": 2}, "pk": 4}, {"model": "projects.floatsensordata", "fields": {"value": 3.0, "ingest": 1, "time": "2013-06-01T02:00:00Z", "sensor": 1}, "pk": 5}, {"model": "projects.floatsensordata", "fields": {"value": 3.0, "ingest": 1, "time": "2013-06-01T02:00:00Z", "sensor": 2}, "pk": 6}, {"model": "projects.floatsensordata", "fields": {"value": 4.0, "ingest": 1, "time": "2013-06-01T03:00:00Z", "sensor": 1}, "pk": 7}, {"model": "projects.floatsensordata", "fields": {"value": 4.0, "ingest": 1, "time": "2013-06-01T03:00:00Z", "sensor": 2}, "pk": 8}, {"model": "projects.floatsensordata", "fields": {"value": 5.0, "ingest": 1, "time": "2013-06-01T04:00:00Z", "sensor": 1}, "pk": 9}, {"model": "projects.floatsensordata", "fields": {"value": 5.0, "ingest": 1, "time": "2013-06-01T04:00:00Z", "sensor": 2}, "pk": 10}, {"model": "projects.floatsensordata", "fields": {"value": 1.0, "ingest": 1, "time": "2014-06-01T00:00:00Z", "sensor": 1}, "pk": 11}, {"model": "projects.floatsensordata", "fields": {"value": 1.0, "ingest": 1, "time": "2014-06-01T00:00:00Z", "sensor": 2}, "pk": 12}, {"model": "projects.floatsensordata", "fields": {"value": 2.0, "ingest": 1, "time": "2014-06-01T01:00:00Z", "sensor": 1}, "pk": 13}, {"model": "projects.floatsensordata", "fields": {"value": 2.0, "ingest": 1, "time": "2014-06-01T01:00:00Z", "sensor": 2}, "pk": 14}, {"model": "projects.floatsensordata", "fields": {"value": 3.0, "ingest": 1, "time": "2014-06-01T02:00:00Z", "sensor": 1}, "pk": 15}, {"model": "projects.floatsensordata", "fields": {"value": 3.0, "ingest": 1, "time": "2014-06-01T02:00:00Z", "sensor": 2}, "pk": 16}, {"model": "projects.floatsensordata", "fields": {"value": 4.0, "ingest": 1, "time": "2014-06-01T03:00:00Z", "sensor": 1}, "pk": 17}, {"model": "projects.floatsensordata", "fields": {"value": 4.0, "ingest": 1, "time": "2014-06-01T03:00:00Z", "sensor": 2}, "pk": 18}, {"model": "projects.floatsensordata", "fields": {"value": 5.0, "ingest": 1, "time": "2014-06-01T04:00:00Z", "sensor": 1}, "pk": 19}, {"model": "projects.floatsensordata", "fields": {"value": 5.0, "ingest": 1, "time": "2014-06-01T04:00:00Z", "sensor": 2}, "pk": 20}, {"model": "projects.floatsensordata", "fields": {"value": 1.1, "ingest": 2, "time": "2013-06-01T00:00:00Z", "sensor": 3}, "pk": 21}, {"model": "projects.floatsensordata", "fields": {"value": 1.1, "ingest": 2, "time": "2013-06-01T00:00:00Z", "sensor": 4}, "pk": 22}, {"model": "projects.floatsensordata", "fields": {"value": 2.0, "ingest": 2, "time": "2013-06-01T01:00:00Z", "sensor": 3}, "pk": 23}, {"model": "projects.floatsensordata", "fields": {"value": 2.0, "ingest": 2, "time": "2013-06-01T01:00:00Z", "sensor": 4}, "pk": 24}, {"model": "projects.floatsensordata", "fields": {"value": 1.0, "ingest": 2, "time": "2013-06-01T02:00:00Z", "sensor": 3}, "pk": 25}, {"model": "projects.floatsensordata", "fields": {"value": 1.0, "ingest": 2, "time": "2013-06-01T02:00:00Z", "sensor": 4}, "pk": 26}, {"model": "projects.floatsensordata", "fields": {"value": 4.0, "ingest": 2, "time": "2013-06-01T03:00:00Z", "sensor": 3}, "pk": 27}, {"model": "projects.floatsensordata", "fields": {"value": 4.0, "ingest": 2, "time": "2013-06-01T03:00:00Z", "sensor": 4}, "pk": 28}, {"model": "projects.floatsensordata", "fields": {"value": 5.0, "ingest": 2, "time": "2013-06-01T04:00:00Z", "sensor": 3}, "pk": 29}, {"model": "projects.floatsensordata", "fields": {"value": 5.0, "ingest": 2, "time": "2013-06-01T04:00:00Z", "sensor": 4}, "pk": 30}, {"model": "projects.floatsensordata", "fields": {"value": 1.1, "ingest": 2, "time": "2014-06-01T00:00:00Z", "sensor": 3}, "pk": 31}, {"model": "projects.floatsensordata", "fields": {"value": 1.1, "ingest": 2, "time": "2014-06-01T00:00:00Z", "sensor": 4}, "pk": 32}, {"model": "projects.floatsensordata", "fields": {"value": 2.0, "ingest": 2, "time": "2014-06-01T01:00:00Z", "sensor": 3}, "pk": 33}, {"model": "projects.floatsensordata", "fields": {"value": 2.0, "ingest": 2, "time": "2014-06-01T01:00:00Z", "sensor": 4}, "pk": 34}, {"model": "projects.floatsensordata", "fields": {"value": 1.0, "ingest": 2, "time": "2014-06-01T02:00:00Z", "sensor": 3}, "pk": 35}, {"model": "projects.floatsensordata", "fields": {"value": 1.0, "ingest": 2, "time": "2014-06-01T02:00:00Z", "sensor": 4}, "pk": 36}, {"model": "projects.floatsensordata", "fields": {"value": 4.0, "ingest": 2, "time": "2014-06-01T03:00:00Z", "sensor": 3}, "pk": 37}, {"model": "projects.floatsensordata", "fields": {"value": 4.0, "ingest": 2, "time": "2014-06-01T03:00:00Z", "sensor": 4}, "pk": 38}, {"model": "projects.floatsensordata", "fields": {"value": 5.0, "ingest": 2, "time": "2014-06-01T04:00:00Z", "sensor": 3}, "pk": 39}, {"model": "projects.floatsensordata", "fields": {"value": 5.0, "ingest": 2, "time": "2014-06-01T04:00:00Z", "sensor": 4}, "pk": 40}, {"model": "projects.floatsensordata", "fields": {"value": 1.0, "ingest": 3, "time": "2013-06-01T00:00:00Z", "sensor": 5}, "pk": 41}, {"model": "projects.floatsensordata", "fields": {"value": 1.0, "ingest": 3, "time": "2013-06-01T00:00:00Z", "sensor": 6}, "pk": 42}, {"model": "projects.floatsensordata", "fields": {"value": null, "ingest": 3, "time": "2013-06-01T01:00:00Z", "sensor": 5}, "pk": 43}, {"model": "projects.floatsensordata", "fields": {"value": null, "ingest": 3, "time": "2013-06-01T01:00:00Z", "sensor": 6}, "pk": 44}, {"model": "projects.floatsensordata", "fields": {"value": null, "ingest": 3, "time": "2013-06-01T02:00:00Z", "sensor": 5}, "pk": 45}, {"model": "projects.floatsensordata", "fields": {"value": null, "ingest": 3, "time": "2013-06-01T02:00:00Z", "sensor": 6}, "pk": 46}, {"model": "projects.floatsensordata", "fields": {"value": 4.0, "ingest": 3, "time": "2013-06-01T03:00:00Z", "sensor": 5}, "pk": 47}, {"model": "projects.floatsensordata", "fields": {"value": 4.0, "ingest": 3, "time": "2013-06-01T03:00:00Z", "sensor": 6}, "pk": 48}, {"model": "projects.floatsensordata", "fields": {"value": 5.0, "ingest": 3, "time": "2013-06-01T04:00:00Z", "sensor": 5}, "pk": 49}, {"model": "projects.floatsensordata", "fields": {"value": 5.0, "ingest": 3, "time": "2013-06-01T04:00:00Z", "sensor": 6}, "pk": 50}, {"model": "projects.floatsensordata", "fields": {"value": 1.0, "ingest": 3, "time": "2014-06-01T00:00:00Z", "sensor": 5}, "pk": 51}, {"model": "projects.floatsensordata", "fields": {"value": 1.0, "ingest": 3, "time": "2014-06-01T00:00:00Z", "sensor": 6}, "pk": 52}, {"model": "projects.floatsensordata", "fields": {"value": null, "ingest": 3, "time": "2014-06-01T01:00:00Z", "sensor": 5}, "pk": 53}, {"model": "projects.floatsensordata", "fields": {"value": null, "ingest": 3, "time": "2014-06-01T01:00:00Z", "sensor": 6}, "pk": 54}, {"model": "projects.floatsensordata", "fields": {"value": null, "ingest": 3, "time": "2014-06-01T02:00:00Z", "sensor": 5}, "pk": 55}, {"model": "projects.floatsensordata", "fields": {"value": null, "ingest": 3, "time": "2014-06-01T02:00:00Z", "sensor": 6}, "pk": 56}, {"model": "projects.floatsensordata", "fields": {"value": 4.0, "ingest": 3, "time": "2014-06-01T03:00:00Z", "sensor": 5}, "pk": 57}, {"model": "projects.floatsensordata", "fields": {"value": 4.0, "ingest": 3, "time": "2014-06-01T03:00:00Z", "sensor": 6}, "pk": 58}, {"model": "projects.floatsensordata", "fields": {"value": 5.0, "ingest": 3, "time": "2014-06-01T04:00:00Z", "sensor": 5}, "pk": 59}, {"model": "projects.floatsensordata", "fields": {"value": 5.0, "ingest": 3, "time": "2014-06-01T04:00:00Z", "sensor": 6}, "pk": 60}, {"model": "projects.floatsensordata", "fields": {"value": 6.6, "ingest": 4, "time": "2013-06-01T00:00:00Z", "sensor": 7}, "pk": 61}, {"model": "projects.floatsensordata", "fields": {"value": 6.6, "ingest": 4, "time": "2013-06-01T00:00:00Z", "sensor": 8}, "pk": 62}, {"model": "projects.floatsensordata", "fields": {"value": 1.1, "ingest": 4, "time": "2013-06-01T01:00:00Z", "sensor": 7}, "pk": 63}, {"model": "projects.floatsensordata", "fields": {"value": 1.1, "ingest": 4, "time": "2013-06-01T01:00:00Z", "sensor": 8}, "pk": 64}, {"model": "projects.floatsensordata", "fields": {"value": 3.3, "ingest": 4, "time": "2013-06-01T02:00:00Z", "sensor": 7}, "pk": 65}, {"model": "projects.floatsensordata", "fields": {"value": 3.3, "ingest": 4, "time": "2013-06-01T02:00:00Z", "sensor": 8}, "pk": 66}, {"model": "projects.floatsensordata", "fields": {"value": null, "ingest": 4, "time": "2013-06-01T03:00:00Z", "sensor": 7}, "pk": 67}, {"model": "projects.floatsensordata", "fields": {"value": null, "ingest": 4, "time": "2013-06-01T03:00:00Z", "sensor": 8}, "pk": 68}, {"model": "projects.floatsensordata", "fields": {"value": 1.1, "ingest": 4, "time": "2013-06-01T04:00:00Z", "sensor": 7}, "pk": 69}, {"model": "projects.floatsensordata", "fields": {"value": 1.1, "ingest": 4, "time": "2013-06-01T04:00:00Z", "sensor": 8}, "pk": 70}, {"model": "projects.floatsensordata", "fields": {"value": 6.6, "ingest": 4, "time": "2014-06-01T00:00:00Z", "sensor": 7}, "pk": 71}, {"model": "projects.floatsensordata", "fields": {"value": 6.6, "ingest": 4, "time": "2014-06-01T00:00:00Z", "sensor": 8}, "pk": 72}, {"model": "projects.floatsensordata", "fields": {"value": 1.1, "ingest": 4, "time": "2014-06-01T01:00:00Z", "sensor": 7}, "pk": 73}, {"model": "projects.floatsensordata", "fields": {"value": 1.1, "ingest": 4, "time": "2014-06-01T01:00:00Z", "sensor": 8}, "pk": 74}, {"model": "projects.floatsensordata", "fields": {"value": 3.3, "ingest": 4, "time": "2014-06-01T02:00:00Z", "sensor": 7}, "pk": 75}, {"model": "projects.floatsensordata", "fields": {"value": 3.3, "ingest": 4, "time": "2014-06-01T02:00:00Z", "sensor": 8}, "pk": 76}, {"model": "projects.floatsensordata", "fields": {"value": null, "ingest": 4, "time": "2014-06-01T03:00:00Z", "sensor": 7}, "pk": 77}, {"model": "projects.floatsensordata", "fields": {"value": null, "ingest": 4, "time": "2014-06-01T03:00:00Z", "sensor": 8}, "pk": 78}, {"model": "projects.floatsensordata", "fields": {"value": 1.1, "ingest": 4, "time": "2014-06-01T04:00:00Z", "sensor": 7}, "pk": 79}, {"model": "projects.floatsensordata", "fields": {"value": 1.1, "ingest": 4, "time": "2014-06-01T04:00:00Z", "sensor": 8}, "pk": 80}, {"model": "auth.permission", "fields": {"content_type": 1, "name": "Can add log entry", "codename": "add_logentry"}, "pk": 1}, {"model": "auth.permission", "fields": {"content_type": 1, "name": "Can change log entry", "codename": "change_logentry"}, "pk": 2}, {"model": "auth.permission", "fields": {"content_type": 1, "name": "Can delete log entry", "codename": "delete_logentry"}, "pk": 3}, {"model": "auth.permission", "fields": {"content_type": 2, "name": "Can add permission", "codename": "add_permission"}, "pk": 4}, {"model": "auth.permission", "fields": {"content_type": 2, "name": "Can change permission", "codename": "change_permission"}, "pk": 5}, {"model": "auth.permission", "fields": {"content_type": 2, "name": "Can delete permission", "codename": "delete_permission"}, "pk": 6}, {"model": "auth.permission", "fields": {"content_type": 3, "name": "Can add group", "codename": "add_group"}, "pk": 7}, {"model": "auth.permission", "fields": {"content_type": 3, "name": "Can change group", "codename": "change_group"}, "pk": 8}, {"model": "auth.permission", "fields": {"content_type": 3, "name": "Can delete group", "codename": "delete_group"}, "pk": 9}, {"model": "auth.permission", "fields": {"content_type": 4, "name": "Can add user", "codename": "add_user"}, "pk": 10}, {"model": "auth.permission", "fields": {"content_type": 4, "name": "Can change user", "codename": "change_user"}, "pk": 11}, {"model": "auth.permission", "fields": {"content_type": 4, "name": "Can delete user", "codename": "delete_user"}, "pk": 12}, {"model": "auth.permission", "fields": {"content_type": 5, "name": "Can add content type", "codename": "add_contenttype"}, "pk": 13}, {"model": "auth.permission", "fields": {"content_type": 5, "name": "Can change content type", "codename": "change_contenttype"}, "pk": 14}, {"model": "auth.permission", "fields": {"content_type": 5, "name": "Can delete content type", "codename": "delete_contenttype"}, "pk": 15}, {"model": "auth.permission", "fields": {"content_type": 6, "name": "Can add session", "codename": "add_session"}, "pk": 16}, {"model": "auth.permission", "fields": {"content_type": 6, "name": "Can change session", "codename": "change_session"}, "pk": 17}, {"model": "auth.permission", "fields": {"content_type": 6, "name": "Can delete session", "codename": "delete_session"}, "pk": 18}, {"model": "auth.permission", "fields": {"content_type": 7, "name": "Can add organization", "codename": "add_organization"}, "pk": 19}, {"model": "auth.permission", "fields": {"content_type": 7, "name": "Can change organization", "codename": "change_organization"}, "pk": 20}, {"model": "auth.permission", "fields": {"content_type": 7, "name": "Can delete organization", "codename": "delete_organization"}, "pk": 21}, {"model": "auth.permission", "fields": {"content_type": 8, "name": "Can add membership", "codename": "add_membership"}, "pk": 22}, {"model": "auth.permission", "fields": {"content_type": 8, "name": "Can change membership", "codename": "change_membership"}, "pk": 23}, {"model": "auth.permission", "fields": {"content_type": 8, "name": "Can delete membership", "codename": "delete_membership"}, "pk": 24}, {"model": "auth.permission", "fields": {"content_type": 9, "name": "Can add project", "codename": "add_project"}, "pk": 25}, {"model": "auth.permission", "fields": {"content_type": 9, "name": "Can change project", "codename": "change_project"}, "pk": 26}, {"model": "auth.permission", "fields": {"content_type": 9, "name": "Can delete project", "codename": "delete_project"}, "pk": 27}, {"model": "auth.permission", "fields": {"content_type": 10, "name": "Can add data file", "codename": "add_datafile"}, "pk": 28}, {"model": "auth.permission", "fields": {"content_type": 10, "name": "Can change data file", "codename": "change_datafile"}, "pk": 29}, {"model": "auth.permission", "fields": {"content_type": 10, "name": "Can delete data file", "codename": "delete_datafile"}, "pk": 30}, {"model": "auth.permission", "fields": {"content_type": 11, "name": "Can add account verification", "codename": "add_accountverification"}, "pk": 31}, {"model": "auth.permission", "fields": {"content_type": 11, "name": "Can change account verification", "codename": "change_accountverification"}, "pk": 32}, {"model": "auth.permission", "fields": {"content_type": 11, "name": "Can delete account verification", "codename": "delete_accountverification"}, "pk": 33}, {"model": "auth.permission", "fields": {"content_type": 12, "name": "Can add sensor map definition", "codename": "add_sensormapdefinition"}, "pk": 34}, {"model": "auth.permission", "fields": {"content_type": 12, "name": "Can change sensor map definition", "codename": "change_sensormapdefinition"}, "pk": 35}, {"model": "auth.permission", "fields": {"content_type": 12, "name": "Can delete sensor map definition", "codename": "delete_sensormapdefinition"}, "pk": 36}, {"model": "auth.permission", "fields": {"content_type": 13, "name": "Can add sensor ingest", "codename": "add_sensoringest"}, "pk": 37}, {"model": "auth.permission", "fields": {"content_type": 13, "name": "Can change sensor ingest", "codename": "change_sensoringest"}, "pk": 38}, {"model": "auth.permission", "fields": {"content_type": 13, "name": "Can delete sensor ingest", "codename": "delete_sensoringest"}, "pk": 39}, {"model": "auth.permission", "fields": {"content_type": 14, "name": "Can add sensor ingest file", "codename": "add_sensoringestfile"}, "pk": 40}, {"model": "auth.permission", "fields": {"content_type": 14, "name": "Can change sensor ingest file", "codename": "change_sensoringestfile"}, "pk": 41}, {"model": "auth.permission", "fields": {"content_type": 14, "name": "Can delete sensor ingest file", "codename": "delete_sensoringestfile"}, "pk": 42}, {"model": "auth.permission", "fields": {"content_type": 15, "name": "Can add sensor ingest log", "codename": "add_sensoringestlog"}, "pk": 43}, {"model": "auth.permission", "fields": {"content_type": 15, "name": "Can change sensor ingest log", "codename": "change_sensoringestlog"}, "pk": 44}, {"model": "auth.permission", "fields": {"content_type": 15, "name": "Can delete sensor ingest log", "codename": "delete_sensoringestlog"}, "pk": 45}, {"model": "auth.permission", "fields": {"content_type": 16, "name": "Can add sensor", "codename": "add_sensor"}, "pk": 46}, {"model": "auth.permission", "fields": {"content_type": 16, "name": "Can change sensor", "codename": "change_sensor"}, "pk": 47}, {"model": "auth.permission", "fields": {"content_type": 16, "name": "Can delete sensor", "codename": "delete_sensor"}, "pk": 48}, {"model": "auth.permission", "fields": {"content_type": 17, "name": "Can add boolean sensor data", "codename": "add_booleansensordata"}, "pk": 49}, {"model": "auth.permission", "fields": {"content_type": 17, "name": "Can change boolean sensor data", "codename": "change_booleansensordata"}, "pk": 50}, {"model": "auth.permission", "fields": {"content_type": 17, "name": "Can delete boolean sensor data", "codename": "delete_booleansensordata"}, "pk": 51}, {"model": "auth.permission", "fields": {"content_type": 18, "name": "Can add float sensor data", "codename": "add_floatsensordata"}, "pk": 52}, {"model": "auth.permission", "fields": {"content_type": 18, "name": "Can change float sensor data", "codename": "change_floatsensordata"}, "pk": 53}, {"model": "auth.permission", "fields": {"content_type": 18, "name": "Can delete float sensor data", "codename": "delete_floatsensordata"}, "pk": 54}, {"model": "auth.permission", "fields": {"content_type": 19, "name": "Can add integer sensor data", "codename": "add_integersensordata"}, "pk": 55}, {"model": "auth.permission", "fields": {"content_type": 19, "name": "Can change integer sensor data", "codename": "change_integersensordata"}, "pk": 56}, {"model": "auth.permission", "fields": {"content_type": 19, "name": "Can delete integer sensor data", "codename": "delete_integersensordata"}, "pk": 57}, {"model": "auth.permission", "fields": {"content_type": 20, "name": "Can add string sensor data", "codename": "add_stringsensordata"}, "pk": 58}, {"model": "auth.permission", "fields": {"content_type": 20, "name": "Can change string sensor data", "codename": "change_stringsensordata"}, "pk": 59}, {"model": "auth.permission", "fields": {"content_type": 20, "name": "Can delete string sensor data", "codename": "delete_stringsensordata"}, "pk": 60}, {"model": "auth.user", "fields": {"is_active": true, "email": "", "last_name": "", "is_staff": true, "is_superuser": true, "first_name": "", "username": "vivdawg", "password": "pbkdf2_sha256$12000$IrgMi3EM5iha$2XUgXgKrbSOYj1fs1+1+mPGe0I+662YnDj/txTsWQ9E=", "user_permissions": [], "groups": [], "last_login": "2014-07-01T00:11:49.090Z", "date_joined": "2014-07-01T00:11:29.386Z"}, "pk": 1}, {"model": "projects.project", "fields": {"owner": 1, "name": "longitudinal_bm"}, "pk": 1}]