[
{"model":"contenttypes.contenttype", "fields":{"app_label":"admin", "model":"logentry", "name":"log entry"}, "pk":1},
{"model":"contenttypes.contenttype", "fields":{"app_label":"auth", "model":"permission", "name":"permission"}, "pk":2},
{"model":"contenttypes.contenttype", "fields":{"app_label":"auth", "model":"group", "name":"group"}, "pk":3},
{"model":"contenttypes.contenttype", "fields":{"app_label":"auth", "model":"user", "name":"user"}, "pk":4},
{"model":"contenttypes.contenttype", "fields":{"app_label":"contenttypes", "model":"contenttype", "name":"content type"}, "pk":5},
{"model":"contenttypes.contenttype", "fields":{"app_label":"sessions", "model":"session", "name":"session"}, "pk":6},
{"model":"contenttypes.contenttype", "fields":{"app_label":"projects", "model":"organization", "name":"organization"}, "pk":7},
{"model":"contenttypes.contenttype", "fields":{"app_label":"projects", "model":"membership", "name":"membership"}, "pk":8},
{"model":"contenttypes.contenttype", "fields":{"app_label":"projects", "model":"project", "name":"project"}, "pk":9},
{"model":"contenttypes.contenttype", "fields":{"app_label":"projects", "model":"datafile", "name":"data file"}, "pk":10},
{"model":"contenttypes.contenttype", "fields":{"app_label":"projects", "model":"accountverification", "name":"account verification"}, "pk":11},
{"model":"contenttypes.contenttype", "fields":{"app_label":"projects", "model":"datamap", "name":"data map"}, "pk":12},
{"model":"contenttypes.contenttype", "fields":{"app_label":"projects", "model":"sensoringest", "name":"sensor ingest"}, "pk":13},
{"model":"contenttypes.contenttype", "fields":{"app_label":"projects", "model":"sensoringestfile", "name":"sensor ingest file"}, "pk":14},
{"model":"contenttypes.contenttype", "fields":{"app_label":"projects", "model":"sensoringestlog", "name":"sensor ingest log"}, "pk":15},
{"model":"contenttypes.contenttype", "fields":{"app_label":"projects", "model":"sensor", "name":"sensor"}, "pk":16},
{"model":"contenttypes.contenttype", "fields":{"app_label":"projects", "model":"booleansensordata", "name":"boolean sensor data"}, "pk":17},
{"model":"contenttypes.contenttype", "fields":{"app_label":"projects", "model":"floatsensordata", "name":"float sensor data"}, "pk":18},
{"model":"contenttypes.contenttype", "fields":{"app_label":"projects", "model":"integersensordata", "name":"integer sensor data"}, "pk":19},
{"model":"contenttypes.contenttype", "fields":{"app_label":"projects", "model":"stringsensordata", "name":"string sensor data"}, "pk":20},
{"model":"sessions.session", "fields":{"session_data":"M2JlYWZkYTY1ZjA2Mzc4Yjk3YWZjYThjMzRlN2RmMzQ3OGZmMmUxMjp7fQ==", "expire_date":"2014-07-15T00:11:37.859Z"}, "pk":"5efp2vox9dgwalscan0d1f6z3pr2br7s"},
{"model":"sessions.session", "fields":{"session_data":"M2JlYWZkYTY1ZjA2Mzc4Yjk3YWZjYThjMzRlN2RmMzQ3OGZmMmUxMjp7fQ==", "expire_date":"2014-07-15T00:11:37.840Z"}, "pk":"e51a659ws74sl822pbsqmt89u3x1gdp9"},
{"model":"sessions.session", "fields":{"session_data":"M2JlYWZkYTY1ZjA2Mzc4Yjk3YWZjYThjMzRlN2RmMzQ3OGZmMmUxMjp7fQ==", "expire_date":"2014-07-15T00:11:37.818Z"}, "pk":"f86dv25eolvdi0ne122kh82rs186b6jw"},
{"model":"sessions.session", "fields":{"session_data":"M2JlYWZkYTY1ZjA2Mzc4Yjk3YWZjYThjMzRlN2RmMzQ3OGZmMmUxMjp7fQ==", "expire_date":"2014-07-15T00:11:37.834Z"}, "pk":"w7ixwuhpdze8c39sxbsvki58kthggwb0"},
{"model":"sessions.session", "fields":{"session_data":"NTYxMjQ1NDUxMjk2Y2U1ZTc2OGJlNTFjOTQ0ZDQzMWNjM2NlNWM3Nzp7Il9hdXRoX3VzZXJfaWQiOjEsIl9hdXRoX3VzZXJfYmFja2VuZCI6ImRqYW5nby5jb250cmliLmF1dGguYmFja2VuZHMuTW9kZWxCYWNrZW5kIn0=", "expire_date":"2014-07-15T00:11:49.092Z"}, "pk":"zgkysp5af3ogt1diixuhtll982mj8plw"},
{"model":"projects.datafile", "fields":{"project":1, "timestamp":{"columns":[0]}, "comments":"", "file":"projects/1/utest_longitudinal_bm_data_2.csv", "uploaded":"2014-07-01T00:12:04.726Z"}, "pk":1},
{"model":"projects.datamap", "fields":{"project":1, "map":{"files":{"0":{"timestamp":{"columns":[0]}, "signature":{"headers":["datetime", "onetofive", "floats", "missing", "floatsandmissing"]}}}, "version":1, "sensors":{"lbnl/bldg90/WholeBuildingGas":{"unit":"kilowatt", "column":"onetofive", "file":"0", "type":"WholeBuildingGas"}, "lbnl/bldg90/WholeBuildingElectricity":{"unit":"kilowatt", "column":"onetofive", "file":"0", "type":"WholeBuildingElectricity"}, "lbnl":{"level":"site"}, "lbnl/bldg90":{"level":"building"}}}, "name":"basic"}, "pk":1},
{"model":"projects.datamap", "fields":{"project":1, "map":{"files":{"0":{"timestamp":{"columns":[0]}, "signature":{"headers":["datetime", "onetofive", "floats", "missing", "floatsandmissing"]}}}, "version":1, "sensors":{"lbnl/bldg90/WholeBuildingGas":{"unit":"kilowatt", "column":"floats", "file":"0", "type":"WholeBuildingGas"}, "lbnl/bldg90/WholeBuildingElectricity":{"unit":"kilowatt", "column":"floats", "file":"0", "type":"WholeBuildingElectricity"}, "lbnl":{"level":"site"}, "lbnl/bldg90":{"level":"building"}}}, "name":"floats"}, "pk":2},
{"model":"projects.datamap", "fields":{"project":1, "map":{"files":{"0":{"timestamp":{"columns":[0]}, "signature":{"headers":["datetime", "onetofive", "floats", "missing", "floatsandmissing"]}}}, "version":1, "sensors":{"lbnl/bldg90/WholeBuildingGas":{"unit":"kilowatt", "column":"missing", "file":"0", "type":"WholeBuildingGas"}, "lbnl/bldg90/WholeBuildingElectricity":{"unit":"kilowatt", "column":"missing", "file":"0", "type":"WholeBuildingElectricity"}, "lbnl":{"level":"site"}, "lbnl/bldg90":{"level":"building"}}}, "name":"missing"}, "pk":3},
{"model":"projects.datamap", "fields":{"project":1, "map":{"files":{"0":{"timestamp":{"columns":[0]}, "signature":{"headers":["datetime", "onetofive", "floats", "missing", "floatsandmissing"]}}}, "version":1, "sensors":{"lbnl/bldg90/WholeBuildingGas":{"unit":"kilowatt", "column":"floatsandmissing", "file":"0", "type":"WholeBuildingGas"}, "lbnl/bldg90/WholeBuildingElectricity":{"unit":"kilowatt", "column":"floatsandmissing", "file":"0", "type":"WholeBuildingElectricity"}, "lbnl":{"level":"site"}, "lbnl/bldg90":{"level":"building"}}}, "name":"floatsandmissing"}, "pk":4},
{"model":"projects.sensoringest", "fields":{"project":1, "end":"2014-07-01T00:14:43.286Z", "start":"2014-07-01T00:14:43.127Z", "map":1}, "pk":1},
{"model":"projects.sensoringest", "fields":{"project":1, "end":"2014-07-01T00:14:49.127Z", "start":"2014-07-01T00:14:49.044Z", "map":2}, "pk":2},
{"model":"projects.sensoringest", "fields":{"project":1, "end":"2014-07-01T00:14:56.318Z", "start":"2014-07-01T00:14:56.255Z", "map":3}, "pk":3},
{"model":"projects.sensoringest", "fields":{"project":1, "end":"2014-07-01T00:15:02.462Z", "start":"2014-07-01T00:15:02.298Z", "map":4}, "pk":4},
{"model":"projects.sensoringestfile", "fields":{"ingest":1, "file":1, "name":"0"}, "pk":1},
{"model":"projects.sensoringestfile", "fields":{"ingest":2, "file":1, "name":"0"}, "pk":2},
{"model":"projects.sensoringestfile", "fields":{"ingest":3, "file":1, "name":"0"}, "pk":3},
{"model":"projects.sensoringestfile", "fields":{"ingest":4, "file":1, "name":"0"}, "pk":4},
{"model":"projects.sensor", "fields":{"data_type":"f", "map":1, "name":"lbnl/bldg90/WholeBuildingElectricity"}, "pk":1},
{"model":"projects.sensor", "fields":{"data_type":"f", "map":1, "name":"lbnl/bldg90/WholeBuildingGas"}, "pk":2},
{"model":"projects.sensor", "fields":{"data_type":"f", "map":2, "name":"lbnl/bldg90/WholeBuildingElectricity"}, "pk":3},
{"model":"projects.sensor", "fields":{"data_type":"f", "map":2, "name":"lbnl/bldg90/WholeBuildingGas"}, "pk":4},
{"model":"projects.sensor", "fields":{"data_type":"f", "map":3, "name":"lbnl/bldg90/WholeBuildingElectricity"}, "pk":5},
{"model":"projects.sensor", "fields":{"data_type":"f", "map":3, "name":"lbnl/bldg90/WholeBuildingGas"}, "pk":6},
{"model":"projects.sensor", "fields":{"data_type":"f", "map":4, "name":"lbnl/bldg90/WholeBuildingElectricity"}, "pk":7},
{"model":"projects.sensor", "fields":{"data_type":"f", "map":4, "name":"lbnl/bldg90/WholeBuildingGas"}, "pk":8},
{"model":"projects.floatsensordata", "fields":{"sensor":1, "ingest":1, "value":1.0, "time":"2013-06-01T00:00:00Z"}, "pk":1},
{"model":"projects.floatsensordata", "fields":{"sensor":2, "ingest":1, "value":1.0, "time":"2013-06-01T00:00:00Z"}, "pk":2},
{"model":"projects.floatsensordata", "fields":{"sensor":1, "ingest":1, "value":2.0, "time":"2013-06-01T01:00:00Z"}, "pk":3},
{"model":"projects.floatsensordata", "fields":{"sensor":2, "ingest":1, "value":2.0, "time":"2013-06-01T01:00:00Z"}, "pk":4},
{"model":"projects.floatsensordata", "fields":{"sensor":1, "ingest":1, "value":3.0, "time":"2013-06-01T02:00:00Z"}, "pk":5},
{"model":"projects.floatsensordata", "fields":{"sensor":2, "ingest":1, "value":3.0, "time":"2013-06-01T02:00:00Z"}, "pk":6},
{"model":"projects.floatsensordata", "fields":{"sensor":1, "ingest":1, "value":4.0, "time":"2013-06-01T03:00:00Z"}, "pk":7},
{"model":"projects.floatsensordata", "fields":{"sensor":2, "ingest":1, "value":4.0, "time":"2013-06-01T03:00:00Z"}, "pk":8},
{"model":"projects.floatsensordata", "fields":{"sensor":1, "ingest":1, "value":5.0, "time":"2013-06-01T04:00:00Z"}, "pk":9},
{"model":"projects.floatsensordata", "fields":{"sensor":2, "ingest":1, "value":5.0, "time":"2013-06-01T04:00:00Z"}, "pk":10},
{"model":"projects.floatsensordata", "fields":{"sensor":1, "ingest":1, "value":1.0, "time":"2014-06-01T00:00:00Z"}, "pk":11},
{"model":"projects.floatsensordata", "fields":{"sensor":2, "ingest":1, "value":1.0, "time":"2014-06-01T00:00:00Z"}, "pk":12},
{"model":"projects.floatsensordata", "fields":{"sensor":1, "ingest":1, "value":2.0, "time":"2014-06-01T01:00:00Z"}, "pk":13},
{"model":"projects.floatsensordata", "fields":{"sensor":2, "ingest":1, "value":2.0, "time":"2014-06-01T01:00:00Z"}, "pk":14},
{"model":"projects.floatsensordata", "fields":{"sensor":1, "ingest":1, "value":3.0, "time":"2014-06-01T02:00:00Z"}, "pk":15},
{"model":"projects.floatsensordata", "fields":{"sensor":2, "ingest":1, "value":3.0, "time":"2014-06-01T02:00:00Z"}, "pk":16},
{"model":"projects.floatsensordata", "fields":{"sensor":1, "ingest":1, "value":4.0, "time":"2014-06-01T03:00:00Z"}, "pk":17},
{"model":"projects.floatsensordata", "fields":{"sensor":2, "ingest":1, "value":4.0, "time":"2014-06-01T03:00:00Z"}, "pk":18},
{"model":"projects.floatsensordata", "fields":{"sensor":1, "ingest":1, "value":5.0, "time":"2014-06-01T04:00:00Z"}, "pk":19},
{"model":"projects.floatsensordata", "fields":{"sensor":2, "ingest":1, "value":5.0, "time":"2014-06-01T04:00:00Z"}, "pk":20},
{"model":"projects.floatsensordata", "fields":{"sensor":3, "ingest":2, "value":1.1, "time":"2013-06-01T00:00:00Z"}, "pk":21},
{"model":"projects.floatsensordata", "fields":{"sensor":4, "ingest":2, "value":1.1, "time":"2013-06-01T00:00:00Z"}, "pk":22},
{"model":"projects.floatsensordata", "fields":{"sensor":3, "ingest":2, "value":2.0, "time":"2013-06-01T01:00:00Z"}, "pk":23},
{"model":"projects.floatsensordata", "fields":{"sensor":4, "ingest":2, "value":2.0, "time":"2013-06-01T01:00:00Z"}, "pk":24},
{"model":"projects.floatsensordata", "fields":{"sensor":3, "ingest":2, "value":1.0, "time":"2013-06-01T02:00:00Z"}, "pk":25},
{"model":"projects.floatsensordata", "fields":{"sensor":4, "ingest":2, "value":1.0, "time":"2013-06-01T02:00:00Z"}, "pk":26},
{"model":"projects.floatsensordata", "fields":{"sensor":3, "ingest":2, "value":4.0, "time":"2013-06-01T03:00:00Z"}, "pk":27},
{"model":"projects.floatsensordata", "fields":{"sensor":4, "ingest":2, "value":4.0, "time":"2013-06-01T03:00:00Z"}, "pk":28},
{"model":"projects.floatsensordata", "fields":{"sensor":3, "ingest":2, "value":5.0, "time":"2013-06-01T04:00:00Z"}, "pk":29},
{"model":"projects.floatsensordata", "fields":{"sensor":4, "ingest":2, "value":5.0, "time":"2013-06-01T04:00:00Z"}, "pk":30},
{"model":"projects.floatsensordata", "fields":{"sensor":3, "ingest":2, "value":1.1, "time":"2014-06-01T00:00:00Z"}, "pk":31},
{"model":"projects.floatsensordata", "fields":{"sensor":4, "ingest":2, "value":1.1, "time":"2014-06-01T00:00:00Z"}, "pk":32},
{"model":"projects.floatsensordata", "fields":{"sensor":3, "ingest":2, "value":2.0, "time":"2014-06-01T01:00:00Z"}, "pk":33},
{"model":"projects.floatsensordata", "fields":{"sensor":4, "ingest":2, "value":2.0, "time":"2014-06-01T01:00:00Z"}, "pk":34},
{"model":"projects.floatsensordata", "fields":{"sensor":3, "ingest":2, "value":1.0, "time":"2014-06-01T02:00:00Z"}, "pk":35},
{"model":"projects.floatsensordata", "fields":{"sensor":4, "ingest":2, "value":1.0, "time":"2014-06-01T02:00:00Z"}, "pk":36},
{"model":"projects.floatsensordata", "fields":{"sensor":3, "ingest":2, "value":4.0, "time":"2014-06-01T03:00:00Z"}, "pk":37},
{"model":"projects.floatsensordata", "fields":{"sensor":4, "ingest":2, "value":4.0, "time":"2014-06-01T03:00:00Z"}, "pk":38},
{"model":"projects.floatsensordata", "fields":{"sensor":3, "ingest":2, "value":5.0, "time":"2014-06-01T04:00:00Z"}, "pk":39},
{"model":"projects.floatsensordata", "fields":{"sensor":4, "ingest":2, "value":5.0, "time":"2014-06-01T04:00:00Z"}, "pk":40},
{"model":"projects.floatsensordata", "fields":{"sensor":5, "ingest":3, "value":1.0, "time":"2013-06-01T00:00:00Z"}, "pk":41},
{"model":"projects.floatsensordata", "fields":{"sensor":6, "ingest":3, "value":1.0, "time":"2013-06-01T00:00:00Z"}, "pk":42},
{"model":"projects.floatsensordata", "fields":{"sensor":5, "ingest":3, "value":null, "time":"2013-06-01T01:00:00Z"}, "pk":43},
{"model":"projects.floatsensordata", "fields":{"sensor":6, "ingest":3, "value":null, "time":"2013-06-01T01:00:00Z"}, "pk":44},
{"model":"projects.floatsensordata", "fields":{"sensor":5, "ingest":3, "value":null, "time":"2013-06-01T02:00:00Z"}, "pk":45},
{"model":"projects.floatsensordata", "fields":{"sensor":6, "ingest":3, "value":null, "time":"2013-06-01T02:00:00Z"}, "pk":46},
{"model":"projects.floatsensordata", "fields":{"sensor":5, "ingest":3, "value":4.0, "time":"2013-06-01T03:00:00Z"}, "pk":47},
{"model":"projects.floatsensordata", "fields":{"sensor":6, "ingest":3, "value":4.0, "time":"2013-06-01T03:00:00Z"}, "pk":48},
{"model":"projects.floatsensordata", "fields":{"sensor":5, "ingest":3, "value":5.0, "time":"2013-06-01T04:00:00Z"}, "pk":49},
{"model":"projects.floatsensordata", "fields":{"sensor":6, "ingest":3, "value":5.0, "time":"2013-06-01T04:00:00Z"}, "pk":50},
{"model":"projects.floatsensordata", "fields":{"sensor":5, "ingest":3, "value":1.0, "time":"2014-06-01T00:00:00Z"}, "pk":51},
{"model":"projects.floatsensordata", "fields":{"sensor":6, "ingest":3, "value":1.0, "time":"2014-06-01T00:00:00Z"}, "pk":52},
{"model":"projects.floatsensordata", "fields":{"sensor":5, "ingest":3, "value":null, "time":"2014-06-01T01:00:00Z"}, "pk":53},
{"model":"projects.floatsensordata", "fields":{"sensor":6, "ingest":3, "value":null, "time":"2014-06-01T01:00:00Z"}, "pk":54},
{"model":"projects.floatsensordata", "fields":{"sensor":5, "ingest":3, "value":null, "time":"2014-06-01T02:00:00Z"}, "pk":55},
{"model":"projects.floatsensordata", "fields":{"sensor":6, "ingest":3, "value":null, "time":"2014-06-01T02:00:00Z"}, "pk":56},
{"model":"projects.floatsensordata", "fields":{"sensor":5, "ingest":3, "value":4.0, "time":"2014-06-01T03:00:00Z"}, "pk":57},
{"model":"projects.floatsensordata", "fields":{"sensor":6, "ingest":3, "value":4.0, "time":"2014-06-01T03:00:00Z"}, "pk":58},
{"model":"projects.floatsensordata", "fields":{"sensor":5, "ingest":3, "value":5.0, "time":"2014-06-01T04:00:00Z"}, "pk":59},
{"model":"projects.floatsensordata", "fields":{"sensor":6, "ingest":3, "value":5.0, "time":"2014-06-01T04:00:00Z"}, "pk":60},
{"model":"projects.floatsensordata", "fields":{"sensor":7, "ingest":4, "value":6.6, "time":"2013-06-01T00:00:00Z"}, "pk":61},
{"model":"projects.floatsensordata", "fields":{"sensor":8, "ingest":4, "value":6.6, "time":"2013-06-01T00:00:00Z"}, "pk":62},
{"model":"projects.floatsensordata", "fields":{"sensor":7, "ingest":4, "value":1.1, "time":"2013-06-01T01:00:00Z"}, "pk":63},
{"model":"projects.floatsensordata", "fields":{"sensor":8, "ingest":4, "value":1.1, "time":"2013-06-01T01:00:00Z"}, "pk":64},
{"model":"projects.floatsensordata", "fields":{"sensor":7, "ingest":4, "value":3.3, "time":"2013-06-01T02:00:00Z"}, "pk":65},
{"model":"projects.floatsensordata", "fields":{"sensor":8, "ingest":4, "value":3.3, "time":"2013-06-01T02:00:00Z"}, "pk":66},
{"model":"projects.floatsensordata", "fields":{"sensor":7, "ingest":4, "value":null, "time":"2013-06-01T03:00:00Z"}, "pk":67},
{"model":"projects.floatsensordata", "fields":{"sensor":8, "ingest":4, "value":null, "time":"2013-06-01T03:00:00Z"}, "pk":68},
{"model":"projects.floatsensordata", "fields":{"sensor":7, "ingest":4, "value":1.1, "time":"2013-06-01T04:00:00Z"}, "pk":69},
{"model":"projects.floatsensordata", "fields":{"sensor":8, "ingest":4, "value":1.1, "time":"2013-06-01T04:00:00Z"}, "pk":70},
{"model":"projects.floatsensordata", "fields":{"sensor":7, "ingest":4, "value":6.6, "time":"2014-06-01T00:00:00Z"}, "pk":71},
{"model":"projects.floatsensordata", "fields":{"sensor":8, "ingest":4, "value":6.6, "time":"2014-06-01T00:00:00Z"}, "pk":72},
{"model":"projects.floatsensordata", "fields":{"sensor":7, "ingest":4, "value":1.1, "time":"2014-06-01T01:00:00Z"}, "pk":73},
{"model":"projects.floatsensordata", "fields":{"sensor":8, "ingest":4, "value":1.1, "time":"2014-06-01T01:00:00Z"}, "pk":74},
{"model":"projects.floatsensordata", "fields":{"sensor":7, "ingest":4, "value":3.3, "time":"2014-06-01T02:00:00Z"}, "pk":75},
{"model":"projects.floatsensordata", "fields":{"sensor":8, "ingest":4, "value":3.3, "time":"2014-06-01T02:00:00Z"}, "pk":76},
{"model":"projects.floatsensordata", "fields":{"sensor":7, "ingest":4, "value":null, "time":"2014-06-01T03:00:00Z"}, "pk":77},
{"model":"projects.floatsensordata", "fields":{"sensor":8, "ingest":4, "value":null, "time":"2014-06-01T03:00:00Z"}, "pk":78},
{"model":"projects.floatsensordata", "fields":{"sensor":7, "ingest":4, "value":1.1, "time":"2014-06-01T04:00:00Z"}, "pk":79},
{"model":"projects.floatsensordata", "fields":{"sensor":8, "ingest":4, "value":1.1, "time":"2014-06-01T04:00:00Z"}, "pk":80},
{"model":"auth.permission", "fields":{"content_type":1, "name":"Can add log entry", "codename":"add_logentry"}, "pk":1},
{"model":"auth.permission", "fields":{"content_type":1, "name":"Can change log entry", "codename":"change_logentry"}, "pk":2},
{"model":"auth.permission", "fields":{"content_type":1, "name":"Can delete log entry", "codename":"delete_logentry"}, "pk":3},
{"model":"auth.permission", "fields":{"content_type":2, "name":"Can add permission", "codename":"add_permission"}, "pk":4},
{"model":"auth.permission", "fields":{"content_type":2, "name":"Can change permission", "codename":"change_permission"}, "pk":5},
{"model":"auth.permission", "fields":{"content_type":2, "name":"Can delete permission", "codename":"delete_permission"}, "pk":6},
{"model":"auth.permission", "fields":{"content_type":3, "name":"Can add group", "codename":"add_group"}, "pk":7},
{"model":"auth.permission", "fields":{"content_type":3, "name":"Can change group", "codename":"change_group"}, "pk":8},
{"model":"auth.permission", "fields":{"content_type":3, "name":"Can delete group", "codename":"delete_group"}, "pk":9},
{"model":"auth.permission", "fields":{"content_type":4, "name":"Can add user", "codename":"add_user"}, "pk":10},
{"model":"auth.permission", "fields":{"content_type":4, "name":"Can change user", "codename":"change_user"}, "pk":11},
{"model":"auth.permission", "fields":{"content_type":4, "name":"Can delete user", "codename":"delete_user"}, "pk":12},
{"model":"auth.permission", "fields":{"content_type":5, "name":"Can add content type", "codename":"add_contenttype"}, "pk":13},
{"model":"auth.permission", "fields":{"content_type":5, "name":"Can change content type", "codename":"change_contenttype"}, "pk":14},
{"model":"auth.permission", "fields":{"content_type":5, "name":"Can delete content type", "codename":"delete_contenttype"}, "pk":15},
{"model":"auth.permission", "fields":{"content_type":6, "name":"Can add session", "codename":"add_session"}, "pk":16},
{"model":"auth.permission", "fields":{"content_type":6, "name":"Can change session", "codename":"change_session"}, "pk":17},
{"model":"auth.permission", "fields":{"content_type":6, "name":"Can delete session", "codename":"delete_session"}, "pk":18},
{"model":"auth.permission", "fields":{"content_type":7, "name":"Can add organization", "codename":"add_organization"}, "pk":19},
{"model":"auth.permission", "fields":{"content_type":7, "name":"Can change organization", "codename":"change_organization"}, "pk":20},
{"model":"auth.permission", "fields":{"content_type":7, "name":"Can delete organization", "codename":"delete_organization"}, "pk":21},
{"model":"auth.permission", "fields":{"content_type":8, "name":"Can add membership", "codename":"add_membership"}, "pk":22},
{"model":"auth.permission", "fields":{"content_type":8, "name":"Can change membership", "codename":"change_membership"}, "pk":23},
{"model":"auth.permission", "fields":{"content_type":8, "name":"Can delete membership", "codename":"delete_membership"}, "pk":24},
{"model":"auth.permission", "fields":{"content_type":9, "name":"Can add project", "codename":"add_project"}, "pk":25},
{"model":"auth.permission", "fields":{"content_type":9, "name":"Can change project", "codename":"change_project"}, "pk":26},
{"model":"auth.permission", "fields":{"content_type":9, "name":"Can delete project", "codename":"delete_project"}, "pk":27},
{"model":"auth.permission", "fields":{"content_type":10, "name":"Can add data file", "codename":"add_datafile"}, "pk":28},
{"model":"auth.permission", "fields":{"content_type":10, "name":"Can change data file", "codename":"change_datafile"}, "pk":29},
{"model":"auth.permission", "fields":{"content_type":10, "name":"Can delete data file", "codename":"delete_datafile"}, "pk":30},
{"model":"auth.permission", "fields":{"content_type":11, "name":"Can add account verification", "codename":"add_accountverification"}, "pk":31},
{"model":"auth.permission", "fields":{"content_type":11, "name":"Can change account verification", "codename":"change_accountverification"}, "pk":32},
{"model":"auth.permission", "fields":{"content_type":11, "name":"Can delete account verification", "codename":"delete_accountverification"}, "pk":33},
{"model":"auth.permission", "fields":{"content_type":12, "name":"Can add data map", "codename":"add_datamap"}, "pk":34},
{"model":"auth.permission", "fields":{"content_type":12, "name":"Can change data map", "codename":"change_datamap"}, "pk":35},
{"model":"auth.permission", "fields":{"content_type":12, "name":"Can delete data map", "codename":"delete_datamap"}, "pk":36},
{"model":"auth.permission", "fields":{"content_type":13, "name":"Can add sensor ingest", "codename":"add_sensoringest"}, "pk":37},
{"model":"auth.permission", "fields":{"content_type":13, "name":"Can change sensor ingest", "codename":"change_sensoringest"}, "pk":38},
{"model":"auth.permission", "fields":{"content_type":13, "name":"Can delete sensor ingest", "codename":"delete_sensoringest"}, "pk":39},
{"model":"auth.permission", "fields":{"content_type":14, "name":"Can add sensor ingest file", "codename":"add_sensoringestfile"}, "pk":40},
{"model":"auth.permission", "fields":{"content_type":14, "name":"Can change sensor ingest file", "codename":"change_sensoringestfile"}, "pk":41},
{"model":"auth.permission", "fields":{"content_type":14, "name":"Can delete sensor ingest file", "codename":"delete_sensoringestfile"}, "pk":42},
{"model":"auth.permission", "fields":{"content_type":15, "name":"Can add sensor ingest log", "codename":"add_sensoringestlog"}, "pk":43},
{"model":"auth.permission", "fields":{"content_type":15, "name":"Can change sensor ingest log", "codename":"change_sensoringestlog"}, "pk":44},
{"model":"auth.permission", "fields":{"content_type":15, "name":"Can delete sensor ingest log", "codename":"delete_sensoringestlog"}, "pk":45},
{"model":"auth.permission", "fields":{"content_type":16, "name":"Can add sensor", "codename":"add_sensor"}, "pk":46},
{"model":"auth.permission", "fields":{"content_type":16, "name":"Can change sensor", "codename":"change_sensor"}, "pk":47},
{"model":"auth.permission", "fields":{"content_type":16, "name":"Can delete sensor", "codename":"delete_sensor"}, "pk":48},
{"model":"auth.permission", "fields":{"content_type":17, "name":"Can add boolean sensor data", "codename":"add_booleansensordata"}, "pk":49},
{"model":"auth.permission", "fields":{"content_type":17, "name":"Can change boolean sensor data", "codename":"change_booleansensordata"}, "pk":50},
{"model":"auth.permission", "fields":{"content_type":17, "name":"Can delete boolean sensor data", "codename":"delete_booleansensordata"}, "pk":51},
{"model":"auth.permission", "fields":{"content_type":18, "name":"Can add float sensor data", "codename":"add_floatsensordata"}, "pk":52},
{"model":"auth.permission", "fields":{"content_type":18, "name":"Can change float sensor data", "codename":"change_floatsensordata"}, "pk":53},
{"model":"auth.permission", "fields":{"content_type":18, "name":"Can delete float sensor data", "codename":"delete_floatsensordata"}, "pk":54},
{"model":"auth.permission", "fields":{"content_type":19, "name":"Can add integer sensor data", "codename":"add_integersensordata"}, "pk":55},
{"model":"auth.permission", "fields":{"content_type":19, "name":"Can change integer sensor data", "codename":"change_integersensordata"}, "pk":56},
{"model":"auth.permission", "fields":{"content_type":19, "name":"Can delete integer sensor data", "codename":"delete_integersensordata"}, "pk":57},
{"model":"auth.permission", "fields":{"content_type":20, "name":"Can add string sensor data", "codename":"add_stringsensordata"}, "pk":58},
{"model":"auth.permission", "fields":{"content_type":20, "name":"Can change string sensor data", "codename":"change_stringsensordata"}, "pk":59},
{"model":"auth.permission", "fields":{"content_type":20, "name":"Can delete string sensor data", "codename":"delete_stringsensordata"}, "pk":60},
{"model":"auth.user", "fields":{"is_staff":true, "username":"vivdawg", "password":"pbkdf2_sha256$12000$IrgMi3EM5iha$2XUgXgKrbSOYj1fs1+1+mPGe0I+662YnDj/txTsWQ9E=", "last_login":"2014-07-01T00:11:49.090Z", "groups":[], "is_active":true, "date_joined":"2014-07-01T00:11:29.386Z", "email":"", "last_name":"", "user_permissions":[], "first_name":"", "is_superuser":true}, "pk":1},
{"model":"projects.project", "fields":{"owner":1, "name":"longitudinal_bm"}, "pk":1}
]
