[
{"model":"contenttypes.contenttype", "pk":1, "fields":{"model":"logentry", "app_label":"admin", "name":"log entry"}},
{"model":"contenttypes.contenttype", "pk":2, "fields":{"model":"permission", "app_label":"auth", "name":"permission"}},
{"model":"contenttypes.contenttype", "pk":3, "fields":{"model":"group", "app_label":"auth", "name":"group"}},
{"model":"contenttypes.contenttype", "pk":4, "fields":{"model":"user", "app_label":"auth", "name":"user"}},
{"model":"contenttypes.contenttype", "pk":5, "fields":{"model":"contenttype", "app_label":"contenttypes", "name":"content type"}},
{"model":"contenttypes.contenttype", "pk":6, "fields":{"model":"session", "app_label":"sessions", "name":"session"}},
{"model":"contenttypes.contenttype", "pk":7, "fields":{"model":"organization", "app_label":"projects", "name":"organization"}},
{"model":"contenttypes.contenttype", "pk":8, "fields":{"model":"membership", "app_label":"projects", "name":"membership"}},
{"model":"contenttypes.contenttype", "pk":9, "fields":{"model":"project", "app_label":"projects", "name":"project"}},
{"model":"contenttypes.contenttype", "pk":10, "fields":{"model":"datafile", "app_label":"projects", "name":"data file"}},
{"model":"contenttypes.contenttype", "pk":11, "fields":{"model":"accountverification", "app_label":"projects", "name":"account verification"}},
{"model":"contenttypes.contenttype", "pk":12, "fields":{"model":"sensormapdefinition", "app_label":"projects", "name":"sensor map definition"}},
{"model":"contenttypes.contenttype", "pk":13, "fields":{"model":"sensoringest", "app_label":"projects", "name":"sensor ingest"}},
{"model":"contenttypes.contenttype", "pk":14, "fields":{"model":"sensoringestfile", "app_label":"projects", "name":"sensor ingest file"}},
{"model":"contenttypes.contenttype", "pk":15, "fields":{"model":"sensoringestlog", "app_label":"projects", "name":"sensor ingest log"}},
{"model":"contenttypes.contenttype", "pk":16, "fields":{"model":"sensor", "app_label":"projects", "name":"sensor"}},
{"model":"contenttypes.contenttype", "pk":17, "fields":{"model":"booleansensordata", "app_label":"projects", "name":"boolean sensor data"}},
{"model":"contenttypes.contenttype", "pk":18, "fields":{"model":"floatsensordata", "app_label":"projects", "name":"float sensor data"}},
{"model":"contenttypes.contenttype", "pk":19, "fields":{"model":"integersensordata", "app_label":"projects", "name":"integer sensor data"}},
{"model":"contenttypes.contenttype", "pk":20, "fields":{"model":"stringsensordata", "app_label":"projects", "name":"string sensor data"}},
{"model":"sessions.session", "pk":"alvuttbnkjbo3gft4qpxgcyhww1u55zz", "fields":{"expire_date":"2014-07-11T17:34:49.463Z", "session_data":"NTYxMjQ1NDUxMjk2Y2U1ZTc2OGJlNTFjOTQ0ZDQzMWNjM2NlNWM3Nzp7Il9hdXRoX3VzZXJfaWQiOjEsIl9hdXRoX3VzZXJfYmFja2VuZCI6ImRqYW5nby5jb250cmliLmF1dGguYmFja2VuZHMuTW9kZWxCYWNrZW5kIn0="}},
{"model":"sessions.session", "pk":"jy50o36pl8szjb8umyp13felh9ccc3rd", "fields":{"expire_date":"2014-07-14T18:14:55.209Z", "session_data":"NTYxMjQ1NDUxMjk2Y2U1ZTc2OGJlNTFjOTQ0ZDQzMWNjM2NlNWM3Nzp7Il9hdXRoX3VzZXJfaWQiOjEsIl9hdXRoX3VzZXJfYmFja2VuZCI6ImRqYW5nby5jb250cmliLmF1dGguYmFja2VuZHMuTW9kZWxCYWNrZW5kIn0="}},
{"model":"sessions.session", "pk":"mibdp0iw54bibjifoysxw6dt2f5uz4fx", "fields":{"expire_date":"2014-07-14T17:57:01.022Z", "session_data":"NTYxMjQ1NDUxMjk2Y2U1ZTc2OGJlNTFjOTQ0ZDQzMWNjM2NlNWM3Nzp7Il9hdXRoX3VzZXJfaWQiOjEsIl9hdXRoX3VzZXJfYmFja2VuZCI6ImRqYW5nby5jb250cmliLmF1dGguYmFja2VuZHMuTW9kZWxCYWNrZW5kIn0="}},
{"model":"projects.datafile", "pk":1, "fields":{"file":"projects/1/utest_energy_signature_data_1.csv", "comments":"", "uploaded":"2014-06-27T17:39:26.193Z", "timestamp":{"columns":[0]}, "project":1}},
{"model":"projects.sensormapdefinition", "pk":1, "fields":{"map":{"files":{"0":{"signature":{"headers":["datetime", "onetofive", "fivetoone", "floats", "missing", "samenumber", "floatsandmissing", "break"]}, "timestamp":{"columns":[0]}}}, "version":1, "sensors":{"lbnl/bldg90/WholeBuildingElectricity":{"file":"0", "type":"WholeBuildingElectricity", "column":"onetofive", "unit":"kilowatt"}, "lbnl/bldg90":{"level":"building"}, "lbnl":{"level":"site"}, "lbnl/bldg90/OutdoorAirTemperature":{"file":"0", "type":"OutdoorAirTemperature", "column":"fivetoone", "unit":"fahrenheit"}}}, "project":1, "name":"basic"}},
{"model":"projects.sensormapdefinition", "pk":2, "fields":{"map":{"files":{"0":{"signature":{"headers":["datetime", "onetofive", "fivetoone", "floats", "missing", "samenumber", "floatsandmissing", "break"]}, "timestamp":{"columns":[0]}}}, "version":1, "sensors":{"lbnl/bldg90/WholeBuildingElectricity":{"file":"0", "type":"WholeBuildingElectricity", "column":"floats", "unit":"kilowatt"}, "lbnl/bldg90":{"level":"building"}, "lbnl":{"level":"site"}, "lbnl/bldg90/OutdoorAirTemperature":{"file":"0", "type":"OutdoorAirTemperature", "column":"missing", "unit":"fahrenheit"}}}, "project":1, "name":"missing"}},
{"model":"projects.sensormapdefinition", "pk":3, "fields":{"map":{"files":{"0":{"signature":{"headers":["datetime", "onetofive", "fivetoone", "floats", "missing", "samenumber", "floatsandmissing", "break"]}, "timestamp":{"columns":[0]}}}, "version":1, "sensors":{"lbnl/bldg90/WholeBuildingElectricity":{"file":"0", "type":"WholeBuildingElectricity", "column":"samenumber", "unit":"kilowatt"}, "lbnl/bldg90":{"level":"building"}, "lbnl":{"level":"site"}, "lbnl/bldg90/OutdoorAirTemperature":{"file":"0", "type":"OutdoorAirTemperature", "column":"floatsandmissing", "unit":"fahrenheit"}}}, "project":1, "name":"samenum"}},
{"model":"projects.sensormapdefinition", "pk":4, "fields":{"map":{"files":{"0":{"signature":{"headers":["datetime", "onetofive", "fivetoone", "floats", "missing", "samenumber", "floatsandmissing", "break"]}, "timestamp":{"columns":[0]}}}, "version":1, "sensors":{"lbnl/bldg90/WholeBuildingElectricity":{"file":"0", "type":"WholeBuildingElectricity", "column":"samenumber", "unit":"kilowatt"}, "lbnl/bldg90":{"level":"building"}, "lbnl":{"level":"site"}, "lbnl/bldg90/OutdoorAirTemperature":{"file":"0", "type":"OutdoorAirTemperature", "column":"break", "unit":"fahrenheit"}}}, "project":1, "name":"break"}},
{"model":"projects.sensormapdefinition", "pk":5, "fields":{"map":{"files":{"0":{"signature":{"headers":["datetime", "onetofive", "fivetoone", "floats", "missing", "samenumber", "floatsandmissing", "break"]}, "timestamp":{"columns":[0]}}}, "version":1, "sensors":{"lbnl/bldg90/WholeBuildingElectricity":{"file":"0", "type":"WholeBuildingElectricity", "column":"missing", "unit":"kilowatt"}, "lbnl/bldg90":{"level":"building"}, "lbnl":{"level":"site"}}}, "project":1, "name":"heatmap_missing"}},
{"model":"projects.sensormapdefinition", "pk":6, "fields":{"map":{"files":{"0":{"signature":{"headers":["datetime", "onetofive", "fivetoone", "floats", "missing", "samenumber", "floatsandmissing", "break"]}, "timestamp":{"columns":[0]}}}, "version":1, "sensors":{"lbnl/bldg90/WholeBuildingElectricity":{"file":"0", "unit":"kilowatt", "column":"floatsandmissing", "type":"WholeBuildingElectricity"}, "lbnl/bldg90":{"level":"building"}, "lbnl":{"level":"site"}}}, "project":1, "name":"floatsandmissing"}},
{"model":"projects.sensoringest", "pk":1, "fields":{"start":"2014-06-27T17:43:17.009Z", "map":1, "end":"2014-06-27T17:43:17.051Z"}},
{"model":"projects.sensoringest", "pk":2, "fields":{"start":"2014-06-27T17:43:23.220Z", "map":2, "end":"2014-06-27T17:43:23.309Z"}},
{"model":"projects.sensoringest", "pk":3, "fields":{"start":"2014-06-27T17:43:29.284Z", "map":3, "end":"2014-06-27T17:43:29.369Z"}},
{"model":"projects.sensoringest", "pk":4, "fields":{"start":"2014-06-27T17:43:34.928Z", "map":4, "end":"2014-06-27T17:43:35.024Z"}},
{"model":"projects.sensoringest", "pk":5, "fields":{"start":"2014-06-30T17:57:36.687Z", "map":5, "end":"2014-06-30T17:57:36.708Z"}},
{"model":"projects.sensoringest", "pk":6, "fields":{"start":"2014-06-30T18:15:46.774Z", "map":6, "end":"2014-06-30T18:15:46.801Z"}},
{"model":"projects.sensoringestfile", "pk":1, "fields":{"file":1, "ingest":1, "name":"0"}},
{"model":"projects.sensoringestfile", "pk":2, "fields":{"file":1, "ingest":2, "name":"0"}},
{"model":"projects.sensoringestfile", "pk":3, "fields":{"file":1, "ingest":3, "name":"0"}},
{"model":"projects.sensoringestfile", "pk":4, "fields":{"file":1, "ingest":4, "name":"0"}},
{"model":"projects.sensoringestfile", "pk":5, "fields":{"file":1, "ingest":5, "name":"0"}},
{"model":"projects.sensoringestfile", "pk":6, "fields":{"file":1, "ingest":6, "name":"0"}},
{"model":"projects.sensor", "pk":1, "fields":{"data_type":"f", "map":1, "name":"lbnl/bldg90/OutdoorAirTemperature"}},
{"model":"projects.sensor", "pk":2, "fields":{"data_type":"f", "map":1, "name":"lbnl/bldg90/WholeBuildingElectricity"}},
{"model":"projects.sensor", "pk":3, "fields":{"data_type":"f", "map":2, "name":"lbnl/bldg90/OutdoorAirTemperature"}},
{"model":"projects.sensor", "pk":4, "fields":{"data_type":"f", "map":2, "name":"lbnl/bldg90/WholeBuildingElectricity"}},
{"model":"projects.sensor", "pk":5, "fields":{"data_type":"f", "map":3, "name":"lbnl/bldg90/OutdoorAirTemperature"}},
{"model":"projects.sensor", "pk":6, "fields":{"data_type":"f", "map":3, "name":"lbnl/bldg90/WholeBuildingElectricity"}},
{"model":"projects.sensor", "pk":7, "fields":{"data_type":"f", "map":4, "name":"lbnl/bldg90/OutdoorAirTemperature"}},
{"model":"projects.sensor", "pk":8, "fields":{"data_type":"f", "map":4, "name":"lbnl/bldg90/WholeBuildingElectricity"}},
{"model":"projects.sensor", "pk":9, "fields":{"data_type":"f", "map":5, "name":"lbnl/bldg90/WholeBuildingElectricity"}},
{"model":"projects.sensor", "pk":10, "fields":{"data_type":"f", "map":6, "name":"lbnl/bldg90/WholeBuildingElectricity"}},
{"model":"projects.floatsensordata", "pk":1, "fields":{"sensor":1, "time":"2014-06-01T00:00:00Z", "ingest":1, "value":5.0}},
{"model":"projects.floatsensordata", "pk":2, "fields":{"sensor":2, "time":"2014-06-01T00:00:00Z", "ingest":1, "value":1.0}},
{"model":"projects.floatsensordata", "pk":3, "fields":{"sensor":1, "time":"2014-06-01T01:00:00Z", "ingest":1, "value":4.0}},
{"model":"projects.floatsensordata", "pk":4, "fields":{"sensor":2, "time":"2014-06-01T01:00:00Z", "ingest":1, "value":2.0}},
{"model":"projects.floatsensordata", "pk":5, "fields":{"sensor":1, "time":"2014-06-01T02:00:00Z", "ingest":1, "value":3.0}},
{"model":"projects.floatsensordata", "pk":6, "fields":{"sensor":2, "time":"2014-06-01T02:00:00Z", "ingest":1, "value":3.0}},
{"model":"projects.floatsensordata", "pk":7, "fields":{"sensor":1, "time":"2014-06-01T03:00:00Z", "ingest":1, "value":2.0}},
{"model":"projects.floatsensordata", "pk":8, "fields":{"sensor":2, "time":"2014-06-01T03:00:00Z", "ingest":1, "value":4.0}},
{"model":"projects.floatsensordata", "pk":9, "fields":{"sensor":1, "time":"2014-06-01T04:00:00Z", "ingest":1, "value":1.0}},
{"model":"projects.floatsensordata", "pk":10, "fields":{"sensor":2, "time":"2014-06-01T04:00:00Z", "ingest":1, "value":5.0}},
{"model":"projects.floatsensordata", "pk":11, "fields":{"sensor":3, "time":"2014-06-01T00:00:00Z", "ingest":2, "value":1.0}},
{"model":"projects.floatsensordata", "pk":12, "fields":{"sensor":4, "time":"2014-06-01T00:00:00Z", "ingest":2, "value":1.1}},
{"model":"projects.floatsensordata", "pk":13, "fields":{"sensor":3, "time":"2014-06-01T01:00:00Z", "ingest":2, "value":null}},
{"model":"projects.floatsensordata", "pk":14, "fields":{"sensor":4, "time":"2014-06-01T01:00:00Z", "ingest":2, "value":2.0}},
{"model":"projects.floatsensordata", "pk":15, "fields":{"sensor":3, "time":"2014-06-01T02:00:00Z", "ingest":2, "value":null}},
{"model":"projects.floatsensordata", "pk":16, "fields":{"sensor":4, "time":"2014-06-01T02:00:00Z", "ingest":2, "value":1.0}},
{"model":"projects.floatsensordata", "pk":17, "fields":{"sensor":3, "time":"2014-06-01T03:00:00Z", "ingest":2, "value":4.0}},
{"model":"projects.floatsensordata", "pk":18, "fields":{"sensor":4, "time":"2014-06-01T03:00:00Z", "ingest":2, "value":4.0}},
{"model":"projects.floatsensordata", "pk":19, "fields":{"sensor":3, "time":"2014-06-01T04:00:00Z", "ingest":2, "value":5.0}},
{"model":"projects.floatsensordata", "pk":20, "fields":{"sensor":4, "time":"2014-06-01T04:00:00Z", "ingest":2, "value":5.0}},
{"model":"projects.floatsensordata", "pk":21, "fields":{"sensor":5, "time":"2014-06-01T00:00:00Z", "ingest":3, "value":6.6}},
{"model":"projects.floatsensordata", "pk":22, "fields":{"sensor":6, "time":"2014-06-01T00:00:00Z", "ingest":3, "value":1.0}},
{"model":"projects.floatsensordata", "pk":23, "fields":{"sensor":5, "time":"2014-06-01T01:00:00Z", "ingest":3, "value":1.1}},
{"model":"projects.floatsensordata", "pk":24, "fields":{"sensor":6, "time":"2014-06-01T01:00:00Z", "ingest":3, "value":1.0}},
{"model":"projects.floatsensordata", "pk":25, "fields":{"sensor":5, "time":"2014-06-01T02:00:00Z", "ingest":3, "value":3.3}},
{"model":"projects.floatsensordata", "pk":26, "fields":{"sensor":6, "time":"2014-06-01T02:00:00Z", "ingest":3, "value":1.0}},
{"model":"projects.floatsensordata", "pk":27, "fields":{"sensor":5, "time":"2014-06-01T03:00:00Z", "ingest":3, "value":null}},
{"model":"projects.floatsensordata", "pk":28, "fields":{"sensor":6, "time":"2014-06-01T03:00:00Z", "ingest":3, "value":1.0}},
{"model":"projects.floatsensordata", "pk":29, "fields":{"sensor":5, "time":"2014-06-01T04:00:00Z", "ingest":3, "value":1.1}},
{"model":"projects.floatsensordata", "pk":30, "fields":{"sensor":6, "time":"2014-06-01T04:00:00Z", "ingest":3, "value":1.0}},
{"model":"projects.floatsensordata", "pk":31, "fields":{"sensor":7, "time":"2014-06-01T00:00:00Z", "ingest":4, "value":null}},
{"model":"projects.floatsensordata", "pk":32, "fields":{"sensor":8, "time":"2014-06-01T00:00:00Z", "ingest":4, "value":1.0}},
{"model":"projects.floatsensordata", "pk":33, "fields":{"sensor":7, "time":"2014-06-01T01:00:00Z", "ingest":4, "value":1.0}},
{"model":"projects.floatsensordata", "pk":34, "fields":{"sensor":8, "time":"2014-06-01T01:00:00Z", "ingest":4, "value":1.0}},
{"model":"projects.floatsensordata", "pk":35, "fields":{"sensor":7, "time":"2014-06-01T02:00:00Z", "ingest":4, "value":1.0}},
{"model":"projects.floatsensordata", "pk":36, "fields":{"sensor":8, "time":"2014-06-01T02:00:00Z", "ingest":4, "value":1.0}},
{"model":"projects.floatsensordata", "pk":37, "fields":{"sensor":7, "time":"2014-06-01T03:00:00Z", "ingest":4, "value":1.0}},
{"model":"projects.floatsensordata", "pk":38, "fields":{"sensor":8, "time":"2014-06-01T03:00:00Z", "ingest":4, "value":1.0}},
{"model":"projects.floatsensordata", "pk":39, "fields":{"sensor":7, "time":"2014-06-01T04:00:00Z", "ingest":4, "value":null}},
{"model":"projects.floatsensordata", "pk":40, "fields":{"sensor":8, "time":"2014-06-01T04:00:00Z", "ingest":4, "value":1.0}},
{"model":"projects.floatsensordata", "pk":41, "fields":{"sensor":9, "time":"2014-06-01T00:00:00Z", "ingest":5, "value":1.0}},
{"model":"projects.floatsensordata", "pk":42, "fields":{"sensor":9, "time":"2014-06-01T01:00:00Z", "ingest":5, "value":null}},
{"model":"projects.floatsensordata", "pk":43, "fields":{"sensor":9, "time":"2014-06-01T02:00:00Z", "ingest":5, "value":null}},
{"model":"projects.floatsensordata", "pk":44, "fields":{"sensor":9, "time":"2014-06-01T03:00:00Z", "ingest":5, "value":4.0}},
{"model":"projects.floatsensordata", "pk":45, "fields":{"sensor":9, "time":"2014-06-01T04:00:00Z", "ingest":5, "value":5.0}},
{"model":"projects.floatsensordata", "pk":46, "fields":{"sensor":10, "time":"2014-06-01T00:00:00Z", "ingest":6, "value":6.6}},
{"model":"projects.floatsensordata", "pk":47, "fields":{"sensor":10, "time":"2014-06-01T01:00:00Z", "ingest":6, "value":1.1}},
{"model":"projects.floatsensordata", "pk":48, "fields":{"sensor":10, "time":"2014-06-01T02:00:00Z", "ingest":6, "value":3.3}},
{"model":"projects.floatsensordata", "pk":49, "fields":{"sensor":10, "time":"2014-06-01T03:00:00Z", "ingest":6, "value":null}},
{"model":"projects.floatsensordata", "pk":50, "fields":{"sensor":10, "time":"2014-06-01T04:00:00Z", "ingest":6, "value":1.1}},
{"model":"auth.permission", "pk":1, "fields":{"content_type":1, "codename":"add_logentry", "name":"Can add log entry"}},
{"model":"auth.permission", "pk":2, "fields":{"content_type":1, "codename":"change_logentry", "name":"Can change log entry"}},
{"model":"auth.permission", "pk":3, "fields":{"content_type":1, "codename":"delete_logentry", "name":"Can delete log entry"}},
{"model":"auth.permission", "pk":4, "fields":{"content_type":2, "codename":"add_permission", "name":"Can add permission"}},
{"model":"auth.permission", "pk":5, "fields":{"content_type":2, "codename":"change_permission", "name":"Can change permission"}},
{"model":"auth.permission", "pk":6, "fields":{"content_type":2, "codename":"delete_permission", "name":"Can delete permission"}},
{"model":"auth.permission", "pk":7, "fields":{"content_type":3, "codename":"add_group", "name":"Can add group"}},
{"model":"auth.permission", "pk":8, "fields":{"content_type":3, "codename":"change_group", "name":"Can change group"}},
{"model":"auth.permission", "pk":9, "fields":{"content_type":3, "codename":"delete_group", "name":"Can delete group"}},
{"model":"auth.permission", "pk":10, "fields":{"content_type":4, "codename":"add_user", "name":"Can add user"}},
{"model":"auth.permission", "pk":11, "fields":{"content_type":4, "codename":"change_user", "name":"Can change user"}},
{"model":"auth.permission", "pk":12, "fields":{"content_type":4, "codename":"delete_user", "name":"Can delete user"}},
{"model":"auth.permission", "pk":13, "fields":{"content_type":5, "codename":"add_contenttype", "name":"Can add content type"}},
{"model":"auth.permission", "pk":14, "fields":{"content_type":5, "codename":"change_contenttype", "name":"Can change content type"}},
{"model":"auth.permission", "pk":15, "fields":{"content_type":5, "codename":"delete_contenttype", "name":"Can delete content type"}},
{"model":"auth.permission", "pk":16, "fields":{"content_type":6, "codename":"add_session", "name":"Can add session"}},
{"model":"auth.permission", "pk":17, "fields":{"content_type":6, "codename":"change_session", "name":"Can change session"}},
{"model":"auth.permission", "pk":18, "fields":{"content_type":6, "codename":"delete_session", "name":"Can delete session"}},
{"model":"auth.permission", "pk":19, "fields":{"content_type":7, "codename":"add_organization", "name":"Can add organization"}},
{"model":"auth.permission", "pk":20, "fields":{"content_type":7, "codename":"change_organization", "name":"Can change organization"}},
{"model":"auth.permission", "pk":21, "fields":{"content_type":7, "codename":"delete_organization", "name":"Can delete organization"}},
{"model":"auth.permission", "pk":22, "fields":{"content_type":8, "codename":"add_membership", "name":"Can add membership"}},
{"model":"auth.permission", "pk":23, "fields":{"content_type":8, "codename":"change_membership", "name":"Can change membership"}},
{"model":"auth.permission", "pk":24, "fields":{"content_type":8, "codename":"delete_membership", "name":"Can delete membership"}},
{"model":"auth.permission", "pk":25, "fields":{"content_type":9, "codename":"add_project", "name":"Can add project"}},
{"model":"auth.permission", "pk":26, "fields":{"content_type":9, "codename":"change_project", "name":"Can change project"}},
{"model":"auth.permission", "pk":27, "fields":{"content_type":9, "codename":"delete_project", "name":"Can delete project"}},
{"model":"auth.permission", "pk":28, "fields":{"content_type":10, "codename":"add_datafile", "name":"Can add data file"}},
{"model":"auth.permission", "pk":29, "fields":{"content_type":10, "codename":"change_datafile", "name":"Can change data file"}},
{"model":"auth.permission", "pk":30, "fields":{"content_type":10, "codename":"delete_datafile", "name":"Can delete data file"}},
{"model":"auth.permission", "pk":31, "fields":{"content_type":11, "codename":"add_accountverification", "name":"Can add account verification"}},
{"model":"auth.permission", "pk":32, "fields":{"content_type":11, "codename":"change_accountverification", "name":"Can change account verification"}},
{"model":"auth.permission", "pk":33, "fields":{"content_type":11, "codename":"delete_accountverification", "name":"Can delete account verification"}},
{"model":"auth.permission", "pk":34, "fields":{"content_type":12, "codename":"add_sensormapdefinition", "name":"Can add sensor map definition"}},
{"model":"auth.permission", "pk":35, "fields":{"content_type":12, "codename":"change_sensormapdefinition", "name":"Can change sensor map definition"}},
{"model":"auth.permission", "pk":36, "fields":{"content_type":12, "codename":"delete_sensormapdefinition", "name":"Can delete sensor map definition"}},
{"model":"auth.permission", "pk":37, "fields":{"content_type":13, "codename":"add_sensoringest", "name":"Can add sensor ingest"}},
{"model":"auth.permission", "pk":38, "fields":{"content_type":13, "codename":"change_sensoringest", "name":"Can change sensor ingest"}},
{"model":"auth.permission", "pk":39, "fields":{"content_type":13, "codename":"delete_sensoringest", "name":"Can delete sensor ingest"}},
{"model":"auth.permission", "pk":40, "fields":{"content_type":14, "codename":"add_sensoringestfile", "name":"Can add sensor ingest file"}},
{"model":"auth.permission", "pk":41, "fields":{"content_type":14, "codename":"change_sensoringestfile", "name":"Can change sensor ingest file"}},
{"model":"auth.permission", "pk":42, "fields":{"content_type":14, "codename":"delete_sensoringestfile", "name":"Can delete sensor ingest file"}},
{"model":"auth.permission", "pk":43, "fields":{"content_type":15, "codename":"add_sensoringestlog", "name":"Can add sensor ingest log"}},
{"model":"auth.permission", "pk":44, "fields":{"content_type":15, "codename":"change_sensoringestlog", "name":"Can change sensor ingest log"}},
{"model":"auth.permission", "pk":45, "fields":{"content_type":15, "codename":"delete_sensoringestlog", "name":"Can delete sensor ingest log"}},
{"model":"auth.permission", "pk":46, "fields":{"content_type":16, "codename":"add_sensor", "name":"Can add sensor"}},
{"model":"auth.permission", "pk":47, "fields":{"content_type":16, "codename":"change_sensor", "name":"Can change sensor"}},
{"model":"auth.permission", "pk":48, "fields":{"content_type":16, "codename":"delete_sensor", "name":"Can delete sensor"}},
{"model":"auth.permission", "pk":49, "fields":{"content_type":17, "codename":"add_booleansensordata", "name":"Can add boolean sensor data"}},
{"model":"auth.permission", "pk":50, "fields":{"content_type":17, "codename":"change_booleansensordata", "name":"Can change boolean sensor data"}},
{"model":"auth.permission", "pk":51, "fields":{"content_type":17, "codename":"delete_booleansensordata", "name":"Can delete boolean sensor data"}},
{"model":"auth.permission", "pk":52, "fields":{"content_type":18, "codename":"add_floatsensordata", "name":"Can add float sensor data"}},
{"model":"auth.permission", "pk":53, "fields":{"content_type":18, "codename":"change_floatsensordata", "name":"Can change float sensor data"}},
{"model":"auth.permission", "pk":54, "fields":{"content_type":18, "codename":"delete_floatsensordata", "name":"Can delete float sensor data"}},
{"model":"auth.permission", "pk":55, "fields":{"content_type":19, "codename":"add_integersensordata", "name":"Can add integer sensor data"}},
{"model":"auth.permission", "pk":56, "fields":{"content_type":19, "codename":"change_integersensordata", "name":"Can change integer sensor data"}},
{"model":"auth.permission", "pk":57, "fields":{"content_type":19, "codename":"delete_integersensordata", "name":"Can delete integer sensor data"}},
{"model":"auth.permission", "pk":58, "fields":{"content_type":20, "codename":"add_stringsensordata", "name":"Can add string sensor data"}},
{"model":"auth.permission", "pk":59, "fields":{"content_type":20, "codename":"change_stringsensordata", "name":"Can change string sensor data"}},
{"model":"auth.permission", "pk":60, "fields":{"content_type":20, "codename":"delete_stringsensordata", "name":"Can delete string sensor data"}},
{"model":"auth.user", "pk":1, "fields":{"is_superuser":true, "username":"vivdawg", "first_name":"", "password":"pbkdf2_sha256$12000$J8YeKsTAVCnO$3QrdOhRwzVb0SbLF3xfpysFAYvvH98JCycS1ydPMByM=", "last_name":"", "is_active":true, "is_staff":true, "date_joined":"2014-06-27T17:34:07.919Z", "email":"", "last_login":"2014-06-30T17:57:01.020Z", "groups":[], "user_permissions":[]}},
{"model":"projects.project", "pk":1, "fields":{"owner":1, "name":"energy_signature"}}
]