[{"pk": 1, "fields": {"name": "log entry", "app_label": "admin", "model": "logentry"}, "model": "contenttypes.contenttype"}, {"pk": 2, "fields": {"name": "permission", "app_label": "auth", "model": "permission"}, "model": "contenttypes.contenttype"}, {"pk": 3, "fields": {"name": "group", "app_label": "auth", "model": "group"}, "model": "contenttypes.contenttype"}, {"pk": 4, "fields": {"name": "user", "app_label": "auth", "model": "user"}, "model": "contenttypes.contenttype"}, {"pk": 5, "fields": {"name": "content type", "app_label": "contenttypes", "model": "contenttype"}, "model": "contenttypes.contenttype"}, {"pk": 6, "fields": {"name": "session", "app_label": "sessions", "model": "session"}, "model": "contenttypes.contenttype"}, {"pk": 7, "fields": {"name": "organization", "app_label": "projects", "model": "organization"}, "model": "contenttypes.contenttype"}, {"pk": 8, "fields": {"name": "membership", "app_label": "projects", "model": "membership"}, "model": "contenttypes.contenttype"}, {"pk": 9, "fields": {"name": "project", "app_label": "projects", "model": "project"}, "model": "contenttypes.contenttype"}, {"pk": 10, "fields": {"name": "data file", "app_label": "projects", "model": "datafile"}, "model": "contenttypes.contenttype"}, {"pk": 11, "fields": {"name": "account verification", "app_label": "projects", "model": "accountverification"}, "model": "contenttypes.contenttype"}, {"pk": 12, "fields": {"name": "sensor map definition", "app_label": "projects", "model": "sensormapdefinition"}, "model": "contenttypes.contenttype"}, {"pk": 13, "fields": {"name": "sensor ingest", "app_label": "projects", "model": "sensoringest"}, "model": "contenttypes.contenttype"}, {"pk": 14, "fields": {"name": "sensor ingest file", "app_label": "projects", "model": "sensoringestfile"}, "model": "contenttypes.contenttype"}, {"pk": 15, "fields": {"name": "sensor ingest log", "app_label": "projects", "model": "sensoringestlog"}, "model": "contenttypes.contenttype"}, {"pk": 16, "fields": {"name": "sensor", "app_label": "projects", "model": "sensor"}, "model": "contenttypes.contenttype"}, {"pk": 17, "fields": {"name": "boolean sensor data", "app_label": "projects", "model": "booleansensordata"}, "model": "contenttypes.contenttype"}, {"pk": 18, "fields": {"name": "float sensor data", "app_label": "projects", "model": "floatsensordata"}, "model": "contenttypes.contenttype"}, {"pk": 19, "fields": {"name": "integer sensor data", "app_label": "projects", "model": "integersensordata"}, "model": "contenttypes.contenttype"}, {"pk": 20, "fields": {"name": "string sensor data", "app_label": "projects", "model": "stringsensordata"}, "model": "contenttypes.contenttype"}, {"pk": "alvuttbnkjbo3gft4qpxgcyhww1u55zz", "fields": {"session_data": "NTYxMjQ1NDUxMjk2Y2U1ZTc2OGJlNTFjOTQ0ZDQzMWNjM2NlNWM3Nzp7Il9hdXRoX3VzZXJfaWQiOjEsIl9hdXRoX3VzZXJfYmFja2VuZCI6ImRqYW5nby5jb250cmliLmF1dGguYmFja2VuZHMuTW9kZWxCYWNrZW5kIn0=", "expire_date": "2014-07-11T17:34:49.463Z"}, "model": "sessions.session"}, {"pk": "jy50o36pl8szjb8umyp13felh9ccc3rd", "fields": {"session_data": "NTYxMjQ1NDUxMjk2Y2U1ZTc2OGJlNTFjOTQ0ZDQzMWNjM2NlNWM3Nzp7Il9hdXRoX3VzZXJfaWQiOjEsIl9hdXRoX3VzZXJfYmFja2VuZCI6ImRqYW5nby5jb250cmliLmF1dGguYmFja2VuZHMuTW9kZWxCYWNrZW5kIn0=", "expire_date": "2014-07-14T18:14:55.209Z"}, "model": "sessions.session"}, {"pk": "mibdp0iw54bibjifoysxw6dt2f5uz4fx", "fields": {"session_data": "NTYxMjQ1NDUxMjk2Y2U1ZTc2OGJlNTFjOTQ0ZDQzMWNjM2NlNWM3Nzp7Il9hdXRoX3VzZXJfaWQiOjEsIl9hdXRoX3VzZXJfYmFja2VuZCI6ImRqYW5nby5jb250cmliLmF1dGguYmFja2VuZHMuTW9kZWxCYWNrZW5kIn0=", "expire_date": "2014-07-14T17:57:01.022Z"}, "model": "sessions.session"}, {"pk": 1, "fields": {"project": 1, "comments": "", "uploaded": "2014-06-27T17:39:26.193Z", "timestamp": {"columns": [0]}, "file": "projects/1/utest_energy_signature_data_1.csv"}, "model": "projects.datafile"}, {"pk": 1, "fields": {"project": 1, "name": "basic", "map": {"files": {"0": {"signature": {"headers": ["datetime", "onetofive", "fivetoone", "floats", "missing", "samenumber", "floatsandmissing", "break"]}, "timestamp": {"columns": [0]}}}, "sensors": {"lbnl/bldg90/WholeBuildingElectricity": {"file": "0", "column": "onetofive", "unit": "kilowatt", "type": "WholeBuildingElectricity"}, "lbnl/bldg90/OutdoorAirTemperature": {"file": "0", "column": "fivetoone", "unit": "fahrenheit", "type": "OutdoorAirTemperature"}, "lbnl": {"level": "site"}, "lbnl/bldg90": {"level": "building"}}, "version": 1}}, "model": "projects.sensormapdefinition"}, {"pk": 2, "fields": {"project": 1, "name": "missing", "map": {"files": {"0": {"signature": {"headers": ["datetime", "onetofive", "fivetoone", "floats", "missing", "samenumber", "floatsandmissing", "break"]}, "timestamp": {"columns": [0]}}}, "sensors": {"lbnl/bldg90/WholeBuildingElectricity": {"file": "0", "column": "floats", "unit": "kilowatt", "type": "WholeBuildingElectricity"}, "lbnl/bldg90/OutdoorAirTemperature": {"file": "0", "column": "missing", "unit": "fahrenheit", "type": "OutdoorAirTemperature"}, "lbnl": {"level": "site"}, "lbnl/bldg90": {"level": "building"}}, "version": 1}}, "model": "projects.sensormapdefinition"}, {"pk": 3, "fields": {"project": 1, "name": "samenum", "map": {"files": {"0": {"signature": {"headers": ["datetime", "onetofive", "fivetoone", "floats", "missing", "samenumber", "floatsandmissing", "break"]}, "timestamp": {"columns": [0]}}}, "sensors": {"lbnl/bldg90/WholeBuildingElectricity": {"file": "0", "column": "samenumber", "unit": "kilowatt", "type": "WholeBuildingElectricity"}, "lbnl/bldg90/OutdoorAirTemperature": {"file": "0", "column": "floatsandmissing", "unit": "fahrenheit", "type": "OutdoorAirTemperature"}, "lbnl": {"level": "site"}, "lbnl/bldg90": {"level": "building"}}, "version": 1}}, "model": "projects.sensormapdefinition"}, {"pk": 4, "fields": {"project": 1, "name": "break", "map": {"files": {"0": {"signature": {"headers": ["datetime", "onetofive", "fivetoone", "floats", "missing", "samenumber", "floatsandmissing", "break"]}, "timestamp": {"columns": [0]}}}, "sensors": {"lbnl/bldg90/WholeBuildingElectricity": {"file": "0", "column": "samenumber", "unit": "kilowatt", "type": "WholeBuildingElectricity"}, "lbnl/bldg90/OutdoorAirTemperature": {"file": "0", "column": "break", "unit": "fahrenheit", "type": "OutdoorAirTemperature"}, "lbnl": {"level": "site"}, "lbnl/bldg90": {"level": "building"}}, "version": 1}}, "model": "projects.sensormapdefinition"}, {"pk": 5, "fields": {"project": 1, "name": "heatmap_missing", "map": {"files": {"0": {"signature": {"headers": ["datetime", "onetofive", "fivetoone", "floats", "missing", "samenumber", "floatsandmissing", "break"]}, "timestamp": {"columns": [0]}}}, "sensors": {"lbnl/bldg90/WholeBuildingElectricity": {"file": "0", "column": "missing", "unit": "kilowatt", "type": "WholeBuildingElectricity"}, "lbnl": {"level": "site"}, "lbnl/bldg90": {"level": "building"}}, "version": 1}}, "model": "projects.sensormapdefinition"}, {"pk": 6, "fields": {"project": 1, "name": "floatsandmissing", "map": {"files": {"0": {"signature": {"headers": ["datetime", "onetofive", "fivetoone", "floats", "missing", "samenumber", "floatsandmissing", "break"]}, "timestamp": {"columns": [0]}}}, "sensors": {"lbnl/bldg90/WholeBuildingElectricity": {"file": "0", "type": "WholeBuildingElectricity", "unit": "kilowatt", "column": "floatsandmissing"}, "lbnl/bldg90": {"level": "building"}, "lbnl": {"level": "site"}}, "version": 1}}, "model": "projects.sensormapdefinition"}, {"pk": 1, "fields": {"start": "2014-06-27T17:43:17.009Z", "map": 1, "end": "2014-06-27T17:43:17.051Z"}, "model": "projects.sensoringest"}, {"pk": 2, "fields": {"start": "2014-06-27T17:43:23.220Z", "map": 2, "end": "2014-06-27T17:43:23.309Z"}, "model": "projects.sensoringest"}, {"pk": 3, "fields": {"start": "2014-06-27T17:43:29.284Z", "map": 3, "end": "2014-06-27T17:43:29.369Z"}, "model": "projects.sensoringest"}, {"pk": 4, "fields": {"start": "2014-06-27T17:43:34.928Z", "map": 4, "end": "2014-06-27T17:43:35.024Z"}, "model": "projects.sensoringest"}, {"pk": 5, "fields": {"start": "2014-06-30T17:57:36.687Z", "map": 5, "end": "2014-06-30T17:57:36.708Z"}, "model": "projects.sensoringest"}, {"pk": 6, "fields": {"start": "2014-06-30T18:15:46.774Z", "map": 6, "end": "2014-06-30T18:15:46.801Z"}, "model": "projects.sensoringest"}, {"pk": 1, "fields": {"file": 1, "name": "0", "ingest": 1}, "model": "projects.sensoringestfile"}, {"pk": 2, "fields": {"file": 1, "name": "0", "ingest": 2}, "model": "projects.sensoringestfile"}, {"pk": 3, "fields": {"file": 1, "name": "0", "ingest": 3}, "model": "projects.sensoringestfile"}, {"pk": 4, "fields": {"file": 1, "name": "0", "ingest": 4}, "model": "projects.sensoringestfile"}, {"pk": 5, "fields": {"file": 1, "name": "0", "ingest": 5}, "model": "projects.sensoringestfile"}, {"pk": 6, "fields": {"file": 1, "name": "0", "ingest": 6}, "model": "projects.sensoringestfile"}, {"pk": 1, "fields": {"name": "lbnl/bldg90/OutdoorAirTemperature", "map": 1, "data_type": "f"}, "model": "projects.sensor"}, {"pk": 2, "fields": {"name": "lbnl/bldg90/WholeBuildingElectricity", "map": 1, "data_type": "f"}, "model": "projects.sensor"}, {"pk": 3, "fields": {"name": "lbnl/bldg90/OutdoorAirTemperature", "map": 2, "data_type": "f"}, "model": "projects.sensor"}, {"pk": 4, "fields": {"name": "lbnl/bldg90/WholeBuildingElectricity", "map": 2, "data_type": "f"}, "model": "projects.sensor"}, {"pk": 5, "fields": {"name": "lbnl/bldg90/OutdoorAirTemperature", "map": 3, "data_type": "f"}, "model": "projects.sensor"}, {"pk": 6, "fields": {"name": "lbnl/bldg90/WholeBuildingElectricity", "map": 3, "data_type": "f"}, "model": "projects.sensor"}, {"pk": 7, "fields": {"name": "lbnl/bldg90/OutdoorAirTemperature", "map": 4, "data_type": "f"}, "model": "projects.sensor"}, {"pk": 8, "fields": {"name": "lbnl/bldg90/WholeBuildingElectricity", "map": 4, "data_type": "f"}, "model": "projects.sensor"}, {"pk": 9, "fields": {"name": "lbnl/bldg90/WholeBuildingElectricity", "map": 5, "data_type": "f"}, "model": "projects.sensor"}, {"pk": 10, "fields": {"name": "lbnl/bldg90/WholeBuildingElectricity", "map": 6, "data_type": "f"}, "model": "projects.sensor"}, {"pk": 1, "fields": {"sensor": 1, "time": "2014-06-01T00:00:00Z", "ingest": 1, "value": 5.0}, "model": "projects.floatsensordata"}, {"pk": 2, "fields": {"sensor": 2, "time": "2014-06-01T00:00:00Z", "ingest": 1, "value": 1.0}, "model": "projects.floatsensordata"}, {"pk": 3, "fields": {"sensor": 1, "time": "2014-06-01T01:00:00Z", "ingest": 1, "value": 4.0}, "model": "projects.floatsensordata"}, {"pk": 4, "fields": {"sensor": 2, "time": "2014-06-01T01:00:00Z", "ingest": 1, "value": 2.0}, "model": "projects.floatsensordata"}, {"pk": 5, "fields": {"sensor": 1, "time": "2014-06-01T02:00:00Z", "ingest": 1, "value": 3.0}, "model": "projects.floatsensordata"}, {"pk": 6, "fields": {"sensor": 2, "time": "2014-06-01T02:00:00Z", "ingest": 1, "value": 3.0}, "model": "projects.floatsensordata"}, {"pk": 7, "fields": {"sensor": 1, "time": "2014-06-01T03:00:00Z", "ingest": 1, "value": 2.0}, "model": "projects.floatsensordata"}, {"pk": 8, "fields": {"sensor": 2, "time": "2014-06-01T03:00:00Z", "ingest": 1, "value": 4.0}, "model": "projects.floatsensordata"}, {"pk": 9, "fields": {"sensor": 1, "time": "2014-06-01T04:00:00Z", "ingest": 1, "value": 1.0}, "model": "projects.floatsensordata"}, {"pk": 10, "fields": {"sensor": 2, "time": "2014-06-01T04:00:00Z", "ingest": 1, "value": 5.0}, "model": "projects.floatsensordata"}, {"pk": 11, "fields": {"sensor": 3, "time": "2014-06-01T00:00:00Z", "ingest": 2, "value": 1.0}, "model": "projects.floatsensordata"}, {"pk": 12, "fields": {"sensor": 4, "time": "2014-06-01T00:00:00Z", "ingest": 2, "value": 1.1}, "model": "projects.floatsensordata"}, {"pk": 13, "fields": {"sensor": 3, "time": "2014-06-01T01:00:00Z", "ingest": 2, "value": null}, "model": "projects.floatsensordata"}, {"pk": 14, "fields": {"sensor": 4, "time": "2014-06-01T01:00:00Z", "ingest": 2, "value": 2.0}, "model": "projects.floatsensordata"}, {"pk": 15, "fields": {"sensor": 3, "time": "2014-06-01T02:00:00Z", "ingest": 2, "value": null}, "model": "projects.floatsensordata"}, {"pk": 16, "fields": {"sensor": 4, "time": "2014-06-01T02:00:00Z", "ingest": 2, "value": 1.0}, "model": "projects.floatsensordata"}, {"pk": 17, "fields": {"sensor": 3, "time": "2014-06-01T03:00:00Z", "ingest": 2, "value": 4.0}, "model": "projects.floatsensordata"}, {"pk": 18, "fields": {"sensor": 4, "time": "2014-06-01T03:00:00Z", "ingest": 2, "value": 4.0}, "model": "projects.floatsensordata"}, {"pk": 19, "fields": {"sensor": 3, "time": "2014-06-01T04:00:00Z", "ingest": 2, "value": 5.0}, "model": "projects.floatsensordata"}, {"pk": 20, "fields": {"sensor": 4, "time": "2014-06-01T04:00:00Z", "ingest": 2, "value": 5.0}, "model": "projects.floatsensordata"}, {"pk": 21, "fields": {"sensor": 5, "time": "2014-06-01T00:00:00Z", "ingest": 3, "value": 6.6}, "model": "projects.floatsensordata"}, {"pk": 22, "fields": {"sensor": 6, "time": "2014-06-01T00:00:00Z", "ingest": 3, "value": 1.0}, "model": "projects.floatsensordata"}, {"pk": 23, "fields": {"sensor": 5, "time": "2014-06-01T01:00:00Z", "ingest": 3, "value": 1.1}, "model": "projects.floatsensordata"}, {"pk": 24, "fields": {"sensor": 6, "time": "2014-06-01T01:00:00Z", "ingest": 3, "value": 1.0}, "model": "projects.floatsensordata"}, {"pk": 25, "fields": {"sensor": 5, "time": "2014-06-01T02:00:00Z", "ingest": 3, "value": 3.3}, "model": "projects.floatsensordata"}, {"pk": 26, "fields": {"sensor": 6, "time": "2014-06-01T02:00:00Z", "ingest": 3, "value": 1.0}, "model": "projects.floatsensordata"}, {"pk": 27, "fields": {"sensor": 5, "time": "2014-06-01T03:00:00Z", "ingest": 3, "value": null}, "model": "projects.floatsensordata"}, {"pk": 28, "fields": {"sensor": 6, "time": "2014-06-01T03:00:00Z", "ingest": 3, "value": 1.0}, "model": "projects.floatsensordata"}, {"pk": 29, "fields": {"sensor": 5, "time": "2014-06-01T04:00:00Z", "ingest": 3, "value": 1.1}, "model": "projects.floatsensordata"}, {"pk": 30, "fields": {"sensor": 6, "time": "2014-06-01T04:00:00Z", "ingest": 3, "value": 1.0}, "model": "projects.floatsensordata"}, {"pk": 31, "fields": {"sensor": 7, "time": "2014-06-01T00:00:00Z", "ingest": 4, "value": null}, "model": "projects.floatsensordata"}, {"pk": 32, "fields": {"sensor": 8, "time": "2014-06-01T00:00:00Z", "ingest": 4, "value": 1.0}, "model": "projects.floatsensordata"}, {"pk": 33, "fields": {"sensor": 7, "time": "2014-06-01T01:00:00Z", "ingest": 4, "value": 1.0}, "model": "projects.floatsensordata"}, {"pk": 34, "fields": {"sensor": 8, "time": "2014-06-01T01:00:00Z", "ingest": 4, "value": 1.0}, "model": "projects.floatsensordata"}, {"pk": 35, "fields": {"sensor": 7, "time": "2014-06-01T02:00:00Z", "ingest": 4, "value": 1.0}, "model": "projects.floatsensordata"}, {"pk": 36, "fields": {"sensor": 8, "time": "2014-06-01T02:00:00Z", "ingest": 4, "value": 1.0}, "model": "projects.floatsensordata"}, {"pk": 37, "fields": {"sensor": 7, "time": "2014-06-01T03:00:00Z", "ingest": 4, "value": 1.0}, "model": "projects.floatsensordata"}, {"pk": 38, "fields": {"sensor": 8, "time": "2014-06-01T03:00:00Z", "ingest": 4, "value": 1.0}, "model": "projects.floatsensordata"}, {"pk": 39, "fields": {"sensor": 7, "time": "2014-06-01T04:00:00Z", "ingest": 4, "value": null}, "model": "projects.floatsensordata"}, {"pk": 40, "fields": {"sensor": 8, "time": "2014-06-01T04:00:00Z", "ingest": 4, "value": 1.0}, "model": "projects.floatsensordata"}, {"pk": 41, "fields": {"sensor": 9, "time": "2014-06-01T00:00:00Z", "ingest": 5, "value": 1.0}, "model": "projects.floatsensordata"}, {"pk": 42, "fields": {"sensor": 9, "time": "2014-06-01T01:00:00Z", "ingest": 5, "value": null}, "model": "projects.floatsensordata"}, {"pk": 43, "fields": {"sensor": 9, "time": "2014-06-01T02:00:00Z", "ingest": 5, "value": null}, "model": "projects.floatsensordata"}, {"pk": 44, "fields": {"sensor": 9, "time": "2014-06-01T03:00:00Z", "ingest": 5, "value": 4.0}, "model": "projects.floatsensordata"}, {"pk": 45, "fields": {"sensor": 9, "time": "2014-06-01T04:00:00Z", "ingest": 5, "value": 5.0}, "model": "projects.floatsensordata"}, {"pk": 46, "fields": {"sensor": 10, "time": "2014-06-01T00:00:00Z", "ingest": 6, "value": 6.6}, "model": "projects.floatsensordata"}, {"pk": 47, "fields": {"sensor": 10, "time": "2014-06-01T01:00:00Z", "ingest": 6, "value": 1.1}, "model": "projects.floatsensordata"}, {"pk": 48, "fields": {"sensor": 10, "time": "2014-06-01T02:00:00Z", "ingest": 6, "value": 3.3}, "model": "projects.floatsensordata"}, {"pk": 49, "fields": {"sensor": 10, "time": "2014-06-01T03:00:00Z", "ingest": 6, "value": null}, "model": "projects.floatsensordata"}, {"pk": 50, "fields": {"sensor": 10, "time": "2014-06-01T04:00:00Z", "ingest": 6, "value": 1.1}, "model": "projects.floatsensordata"}, {"pk": 1, "fields": {"codename": "add_logentry", "name": "Can add log entry", "content_type": 1}, "model": "auth.permission"}, {"pk": 2, "fields": {"codename": "change_logentry", "name": "Can change log entry", "content_type": 1}, "model": "auth.permission"}, {"pk": 3, "fields": {"codename": "delete_logentry", "name": "Can delete log entry", "content_type": 1}, "model": "auth.permission"}, {"pk": 4, "fields": {"codename": "add_permission", "name": "Can add permission", "content_type": 2}, "model": "auth.permission"}, {"pk": 5, "fields": {"codename": "change_permission", "name": "Can change permission", "content_type": 2}, "model": "auth.permission"}, {"pk": 6, "fields": {"codename": "delete_permission", "name": "Can delete permission", "content_type": 2}, "model": "auth.permission"}, {"pk": 7, "fields": {"codename": "add_group", "name": "Can add group", "content_type": 3}, "model": "auth.permission"}, {"pk": 8, "fields": {"codename": "change_group", "name": "Can change group", "content_type": 3}, "model": "auth.permission"}, {"pk": 9, "fields": {"codename": "delete_group", "name": "Can delete group", "content_type": 3}, "model": "auth.permission"}, {"pk": 10, "fields": {"codename": "add_user", "name": "Can add user", "content_type": 4}, "model": "auth.permission"}, {"pk": 11, "fields": {"codename": "change_user", "name": "Can change user", "content_type": 4}, "model": "auth.permission"}, {"pk": 12, "fields": {"codename": "delete_user", "name": "Can delete user", "content_type": 4}, "model": "auth.permission"}, {"pk": 13, "fields": {"codename": "add_contenttype", "name": "Can add content type", "content_type": 5}, "model": "auth.permission"}, {"pk": 14, "fields": {"codename": "change_contenttype", "name": "Can change content type", "content_type": 5}, "model": "auth.permission"}, {"pk": 15, "fields": {"codename": "delete_contenttype", "name": "Can delete content type", "content_type": 5}, "model": "auth.permission"}, {"pk": 16, "fields": {"codename": "add_session", "name": "Can add session", "content_type": 6}, "model": "auth.permission"}, {"pk": 17, "fields": {"codename": "change_session", "name": "Can change session", "content_type": 6}, "model": "auth.permission"}, {"pk": 18, "fields": {"codename": "delete_session", "name": "Can delete session", "content_type": 6}, "model": "auth.permission"}, {"pk": 19, "fields": {"codename": "add_organization", "name": "Can add organization", "content_type": 7}, "model": "auth.permission"}, {"pk": 20, "fields": {"codename": "change_organization", "name": "Can change organization", "content_type": 7}, "model": "auth.permission"}, {"pk": 21, "fields": {"codename": "delete_organization", "name": "Can delete organization", "content_type": 7}, "model": "auth.permission"}, {"pk": 22, "fields": {"codename": "add_membership", "name": "Can add membership", "content_type": 8}, "model": "auth.permission"}, {"pk": 23, "fields": {"codename": "change_membership", "name": "Can change membership", "content_type": 8}, "model": "auth.permission"}, {"pk": 24, "fields": {"codename": "delete_membership", "name": "Can delete membership", "content_type": 8}, "model": "auth.permission"}, {"pk": 25, "fields": {"codename": "add_project", "name": "Can add project", "content_type": 9}, "model": "auth.permission"}, {"pk": 26, "fields": {"codename": "change_project", "name": "Can change project", "content_type": 9}, "model": "auth.permission"}, {"pk": 27, "fields": {"codename": "delete_project", "name": "Can delete project", "content_type": 9}, "model": "auth.permission"}, {"pk": 28, "fields": {"codename": "add_datafile", "name": "Can add data file", "content_type": 10}, "model": "auth.permission"}, {"pk": 29, "fields": {"codename": "change_datafile", "name": "Can change data file", "content_type": 10}, "model": "auth.permission"}, {"pk": 30, "fields": {"codename": "delete_datafile", "name": "Can delete data file", "content_type": 10}, "model": "auth.permission"}, {"pk": 31, "fields": {"codename": "add_accountverification", "name": "Can add account verification", "content_type": 11}, "model": "auth.permission"}, {"pk": 32, "fields": {"codename": "change_accountverification", "name": "Can change account verification", "content_type": 11}, "model": "auth.permission"}, {"pk": 33, "fields": {"codename": "delete_accountverification", "name": "Can delete account verification", "content_type": 11}, "model": "auth.permission"}, {"pk": 34, "fields": {"codename": "add_sensormapdefinition", "name": "Can add sensor map definition", "content_type": 12}, "model": "auth.permission"}, {"pk": 35, "fields": {"codename": "change_sensormapdefinition", "name": "Can change sensor map definition", "content_type": 12}, "model": "auth.permission"}, {"pk": 36, "fields": {"codename": "delete_sensormapdefinition", "name": "Can delete sensor map definition", "content_type": 12}, "model": "auth.permission"}, {"pk": 37, "fields": {"codename": "add_sensoringest", "name": "Can add sensor ingest", "content_type": 13}, "model": "auth.permission"}, {"pk": 38, "fields": {"codename": "change_sensoringest", "name": "Can change sensor ingest", "content_type": 13}, "model": "auth.permission"}, {"pk": 39, "fields": {"codename": "delete_sensoringest", "name": "Can delete sensor ingest", "content_type": 13}, "model": "auth.permission"}, {"pk": 40, "fields": {"codename": "add_sensoringestfile", "name": "Can add sensor ingest file", "content_type": 14}, "model": "auth.permission"}, {"pk": 41, "fields": {"codename": "change_sensoringestfile", "name": "Can change sensor ingest file", "content_type": 14}, "model": "auth.permission"}, {"pk": 42, "fields": {"codename": "delete_sensoringestfile", "name": "Can delete sensor ingest file", "content_type": 14}, "model": "auth.permission"}, {"pk": 43, "fields": {"codename": "add_sensoringestlog", "name": "Can add sensor ingest log", "content_type": 15}, "model": "auth.permission"}, {"pk": 44, "fields": {"codename": "change_sensoringestlog", "name": "Can change sensor ingest log", "content_type": 15}, "model": "auth.permission"}, {"pk": 45, "fields": {"codename": "delete_sensoringestlog", "name": "Can delete sensor ingest log", "content_type": 15}, "model": "auth.permission"}, {"pk": 46, "fields": {"codename": "add_sensor", "name": "Can add sensor", "content_type": 16}, "model": "auth.permission"}, {"pk": 47, "fields": {"codename": "change_sensor", "name": "Can change sensor", "content_type": 16}, "model": "auth.permission"}, {"pk": 48, "fields": {"codename": "delete_sensor", "name": "Can delete sensor", "content_type": 16}, "model": "auth.permission"}, {"pk": 49, "fields": {"codename": "add_booleansensordata", "name": "Can add boolean sensor data", "content_type": 17}, "model": "auth.permission"}, {"pk": 50, "fields": {"codename": "change_booleansensordata", "name": "Can change boolean sensor data", "content_type": 17}, "model": "auth.permission"}, {"pk": 51, "fields": {"codename": "delete_booleansensordata", "name": "Can delete boolean sensor data", "content_type": 17}, "model": "auth.permission"}, {"pk": 52, "fields": {"codename": "add_floatsensordata", "name": "Can add float sensor data", "content_type": 18}, "model": "auth.permission"}, {"pk": 53, "fields": {"codename": "change_floatsensordata", "name": "Can change float sensor data", "content_type": 18}, "model": "auth.permission"}, {"pk": 54, "fields": {"codename": "delete_floatsensordata", "name": "Can delete float sensor data", "content_type": 18}, "model": "auth.permission"}, {"pk": 55, "fields": {"codename": "add_integersensordata", "name": "Can add integer sensor data", "content_type": 19}, "model": "auth.permission"}, {"pk": 56, "fields": {"codename": "change_integersensordata", "name": "Can change integer sensor data", "content_type": 19}, "model": "auth.permission"}, {"pk": 57, "fields": {"codename": "delete_integersensordata", "name": "Can delete integer sensor data", "content_type": 19}, "model": "auth.permission"}, {"pk": 58, "fields": {"codename": "add_stringsensordata", "name": "Can add string sensor data", "content_type": 20}, "model": "auth.permission"}, {"pk": 59, "fields": {"codename": "change_stringsensordata", "name": "Can change string sensor data", "content_type": 20}, "model": "auth.permission"}, {"pk": 60, "fields": {"codename": "delete_stringsensordata", "name": "Can delete string sensor data", "content_type": 20}, "model": "auth.permission"}, {"pk": 1, "fields": {"is_staff": true, "last_login": "2014-06-30T17:57:01.020Z", "email": "", "last_name": "", "username": "vivdawg", "date_joined": "2014-06-27T17:34:07.919Z", "password": "pbkdf2_sha256$12000$J8YeKsTAVCnO$3QrdOhRwzVb0SbLF3xfpysFAYvvH98JCycS1ydPMByM=", "is_active": true, "is_superuser": true, "user_permissions": [], "first_name": "", "groups": []}, "model": "auth.user"}, {"pk": 1, "fields": {"name": "energy_signature", "owner": 1}, "model": "projects.project"}]